com.samsung.shealth.calories_burned,6060029,2
tef_calorie,active_time,pkg_name,update_time,create_time,datauuid,rest_calorie,active_calorie,day_time,deviceuuid
0.0,5700830,com.sec.android.app.shealth,2018-02-04 05:26:07.917,2018-02-03 07:06:10.478,2ca1351b-7ac6-4617-8cd1-a2090c35dfbd,1706.945,409.21304,1517616000000,dKs3VVxkvQ
0.0,4138017,com.sec.android.app.shealth,2018-02-03 07:06:17.684,2018-02-03 07:06:17.684,adc3b244-36a7-424c-8f86-d133deaffdb3,1740.0016,285.65363,1515283200000,dKs3VVxkvQ
0.0,7945274,com.sec.android.app.shealth,2018-02-03 07:06:17.755,2018-02-03 07:06:17.755,b2ce1c64-5a64-42e6-b3ad-beb0cccb2b27,1659.4707,553.36975,1515369600000,dKs3VVxkvQ
0.0,7181777,com.sec.android.app.shealth,2018-02-03 07:06:17.832,2018-02-03 07:06:17.832,c291904e-c624-4215-8b89-7ba91eef47dc,1675.6201,492.17065,1515456000000,dKs3VVxkvQ
0.0,11258967,com.sec.android.app.shealth,2018-02-03 07:06:17.889,2018-02-03 07:06:17.889,d714d76f-70f5-45e9-8212-ee05ab66f926,1589.3795,981.5676,1515542400000,dKs3VVxkvQ
0.0,7125386,com.sec.android.app.shealth,2018-02-03 07:06:17.927,2018-02-03 07:06:17.927,50f63995-9769-4ea4-a1c1-4e43261ecd82,1676.813,494.08792,1515628800000,dKs3VVxkvQ
0.0,10183790,com.sec.android.app.shealth,2018-02-03 07:06:17.986,2018-02-03 07:06:17.986,5cc9322f-9304-4ece-bf3b-cf5d683dbcca,1612.1216,733.5425,1515715200000,dKs3VVxkvQ
0.0,6284002,com.sec.android.app.shealth,2018-02-03 07:06:18.027,2018-02-03 07:06:18.027,8baba9de-da2e-4a42-af2b-f184fc552a78,1694.6097,426.0882,1515801600000,dKs3VVxkvQ
0.0,2609618,com.sec.android.app.shealth,2018-02-03 07:06:18.086,2018-02-03 07:06:18.086,d2b7576e-1bc7-4ae9-b121-94d5eb710497,1772.3302,181.13998,1515888000000,dKs3VVxkvQ
0.0,10882024,com.sec.android.app.shealth,2018-02-03 07:06:18.151,2018-02-03 07:06:18.151,1dd473cc-fa21-4f1c-bb3d-b2c71d03a4f0,1597.3527,984.2664,1515974400000,dKs3VVxkvQ
0.0,8307333,com.sec.android.app.shealth,2018-02-03 07:06:18.194,2018-02-03 07:06:18.194,7efe8a3f-367e-4bcc-8c11-602f79838c68,1651.8123,585.782,1516060800000,dKs3VVxkvQ
0.0,9630645,com.sec.android.app.shealth,2018-02-03 07:06:18.252,2018-02-03 07:06:18.252,c8938e1e-169a-4040-a9b5-9dac34f9cae1,1623.8218,676.96405,1516147200000,dKs3VVxkvQ
0.0,6559517,com.sec.android.app.shealth,2018-02-03 07:06:18.336,2018-02-03 07:06:18.336,c19118e9-90cb-4e81-b85c-bccfc0ea9f4d,1688.7821,473.65195,1516233600000,dKs3VVxkvQ
0.0,6941494,com.sec.android.app.shealth,2018-02-03 07:06:18.388,2018-02-03 07:06:18.388,4ee2952b-bc5f-4b96-b2dd-170c60d992c9,1680.7025,466.66455,1516320000000,dKs3VVxkvQ
0.0,8385703,com.sec.android.app.shealth,2018-02-03 07:06:18.439,2018-02-03 07:06:18.439,cfceb208-4d83-4bcb-8759-a1e8338a17cf,1650.1547,608.0609,1516406400000,dKs3VVxkvQ
0.0,3973815,com.sec.android.app.shealth,2018-02-03 07:06:18.491,2018-02-03 07:06:18.491,e2591193-b376-4e26-b348-ad86cd93b05c,1743.4746,262.4635,1516492800000,dKs3VVxkvQ
0.0,10138783,com.sec.android.app.shealth,2018-02-03 07:06:18.561,2018-02-03 07:06:18.561,9b905b2d-1af1-4ccd-925a-da94a1394f55,1613.0736,770.2542,1516579200000,dKs3VVxkvQ
0.0,7290882,com.sec.android.app.shealth,2018-02-03 07:06:18.621,2018-02-03 07:06:18.621,c6e9168a-7363-4926-8bf8-7daea70aae99,1673.3124,522.78687,1516665600000,dKs3VVxkvQ
0.0,7081192,com.sec.android.app.shealth,2018-02-03 07:06:18.679,2018-02-03 07:06:18.679,6e532aa6-81d4-4c65-b0ae-9840fb26b34b,1677.7477,498.95746,1516752000000,dKs3VVxkvQ
0.0,6232041,com.sec.android.app.shealth,2018-02-03 07:06:18.736,2018-02-03 07:06:18.736,8a11a1b7-6a96-42dc-8e2a-81d81a1f43e9,1695.7089,439.31784,1516838400000,dKs3VVxkvQ
0.0,7794871,com.sec.android.app.shealth,2018-02-03 07:06:19.129,2018-02-03 07:06:19.129,d186058c-e01e-4436-8e48-9598f39e92f8,1662.652,532.381,1516924800000,dKs3VVxkvQ
0.0,6302801,com.sec.android.app.shealth,2018-02-03 07:06:19.185,2018-02-03 07:06:19.185,5bea4b77-e515-48c0-89f6-450bfcc84874,1694.2122,427.68985,1517011200000,dKs3VVxkvQ
0.0,5683909,com.sec.android.app.shealth,2018-02-03 07:06:19.215,2018-02-03 07:06:19.215,84803055-ef74-4283-9384-c2aae55d2dc8,1707.3029,386.79004,1517097600000,dKs3VVxkvQ
0.0,7144559,com.sec.android.app.shealth,2018-02-03 07:06:19.247,2018-02-03 07:06:19.247,285f5ea0-8787-4fd9-8cd4-972261ec69ac,1676.4073,529.69714,1517184000000,dKs3VVxkvQ
0.0,4766179,com.sec.android.app.shealth,2018-02-03 07:06:19.300,2018-02-03 07:06:19.300,e0749a95-a962-46a8-94b9-714e1be2d3f5,1726.7147,329.69214,1517270400000,dKs3VVxkvQ
0.0,5442037,com.sec.android.app.shealth,2018-02-03 07:06:19.351,2018-02-03 07:06:19.351,b5ee9f00-9359-4ace-bfc8-8cd3311d9114,1712.419,373.45728,1517356800000,dKs3VVxkvQ
0.0,4922966,com.sec.android.app.shealth,2018-02-03 07:06:19.400,2018-02-03 07:06:19.400,28310263-8ef6-4d82-b1e4-0d19d7a37bf5,1723.3983,337.05316,1517443200000,dKs3VVxkvQ
0.0,5063117,com.sec.android.app.shealth,2018-02-05 19:06:53.375,2018-02-03 07:06:19.438,5bb0faed-c986-4c61-a4dd-9570d2c8191b,1720.4338,377.66006,1517529600000,dKs3VVxkvQ
0.0,2743640,com.sec.android.app.shealth,2018-02-05 19:06:53.527,2018-02-04 05:26:07.572,d66ded74-73cd-4ad7-b8cc-26ead8f22ed4,1769.4954,189.71999,1517702400000,dKs3VVxkvQ
0.0,6207518,com.sec.android.app.shealth,2018-02-06 05:00:00.825,2018-02-05 05:00:00.652,8db99bb5-236c-44af-a754-ed1f723ebe39,1696.2275,430.50708,1517788800000,dKs3VVxkvQ
0.0,5554511,com.sec.android.app.shealth,2018-02-07 19:29:47.012,2018-02-06 05:00:00.627,d4617f2b-1038-4169-9b13-d13f88b8ce1a,1710.0399,393.5451,1517875200000,dKs3VVxkvQ
0.0,6620672,com.sec.android.app.shealth,2018-02-08 05:22:48.852,2018-02-07 05:00:00.456,1f75a289-2948-43be-8806-57d29fe24c6e,1687.4885,483.85803,1517961600000,dKs3VVxkvQ
0.0,6854452,com.sec.android.app.shealth,2018-02-09 18:41:51.442,2018-02-08 05:00:00.587,a29ec70e-7be5-461e-81d7-4a486c97b1d6,1682.5437,497.75757,1518048000000,dKs3VVxkvQ
0.0,5595162,com.sec.android.app.shealth,2018-02-10 20:43:25.880,2018-02-09 05:00:00.551,7bfbec22-3f52-400f-b222-ef48137c3c85,1709.1802,389.29507,1518134400000,dKs3VVxkvQ
0.0,5696175,com.sec.android.app.shealth,2018-02-11 05:09:21.585,2018-02-10 05:00:01.821,369b5d43-0451-453d-89e1-b783c0a1c4e6,1707.0435,370.28824,1518220800000,dKs3VVxkvQ
0.0,1636713,com.sec.android.app.shealth,2018-02-12 05:00:00.636,2018-02-11 05:09:21.290,3abc1d41-e5cf-4a56-8844-85c5810d8a0c,1792.909,119.75999,1518307200000,dKs3VVxkvQ
0.0,4163929,com.sec.android.app.shealth,2018-02-13 13:51:49.212,2018-02-12 05:00:00.524,b28afcfa-49c0-46d4-bc87-4fee992458ac,1739.4535,290.39914,1518393600000,dKs3VVxkvQ
0.0,6563642,com.sec.android.app.shealth,2018-02-14 05:00:02.731,2018-02-13 05:00:23.486,357c407f-c656-4075-a9ae-c292b557ede9,1688.695,469.16937,1518480000000,dKs3VVxkvQ
0.0,6180677,com.sec.android.app.shealth,2018-02-15 05:00:07.540,2018-02-14 05:00:02.214,d9411892-7ed5-4833-977f-d6a5f1994f41,1696.7953,453.10513,1518566400000,dKs3VVxkvQ
0.0,5193390,com.sec.android.app.shealth,2018-02-16 05:00:56.001,2018-02-15 05:00:02.541,ed8cd7a7-3cf4-4b8e-abfd-cb4ee4ca6e39,1717.6782,382.71912,1518652800000,dKs3VVxkvQ
0.0,6342976,com.sec.android.app.shealth,2018-02-17 21:32:44.036,2018-02-16 05:00:05.628,2b1e3ebb-3b7c-4fb9-a0e5-e3bcfb704cb5,1693.3623,425.14178,1518739200000,dKs3VVxkvQ
0.0,10863752,com.sec.android.app.shealth,2018-02-19 04:13:51.291,2018-02-17 05:00:44.974,303e9c82-0209-4c5b-8798-c320759dd114,1597.7391,725.37994,1518825600000,dKs3VVxkvQ
0.0,2496430,com.sec.android.app.shealth,2018-02-19 05:00:00.555,2018-02-18 05:00:01.807,2ffc76ee-e59b-47c4-acab-281fcffaa8b7,1774.7242,178.20895,1518912000000,dKs3VVxkvQ
0.0,10266645,com.sec.android.app.shealth,2018-02-20 06:22:25.981,2018-02-19 05:00:00.339,4e052a42-a6d9-43ca-b0a6-661a8589580e,1610.369,800.8246,1518998400000,dKs3VVxkvQ
0.0,5430861,com.sec.android.app.shealth,2018-02-21 15:05:00.327,2018-02-20 05:00:02.039,3cf052d4-ca2c-454b-81b8-19142ebd2fe9,1712.6553,384.44095,1519084800000,dKs3VVxkvQ
0.0,6487962,com.sec.android.app.shealth,2018-02-22 05:54:11.763,2018-02-21 05:00:03.419,e0a6e776-46dc-415c-b10c-4a5ad632bef3,1690.2957,463.92612,1519171200000,dKs3VVxkvQ
0.0,7528835,com.sec.android.app.shealth,2018-02-23 05:01:00.965,2018-02-22 05:16:34.700,25aed097-fe04-459b-9ff5-b7916e64762c,1668.2792,517.09314,1519257600000,dKs3VVxkvQ
0.0,8702679,com.sec.android.app.shealth,2018-02-24 09:31:10.745,2018-02-23 05:01:00.697,8bca6cc7-2601-4f9d-9bd3-08af7ba6cf1b,1643.45,614.379,1519344000000,dKs3VVxkvQ
0.0,11850425,com.sec.android.app.shealth,2018-02-25 09:32:22.316,2018-02-24 08:00:02.116,12a2532a-fafb-459a-a23e-4ba2b60dd47c,1576.8691,793.91626,1519430400000,dKs3VVxkvQ
0.0,9649329,com.sec.android.app.shealth,2018-02-26 08:46:09.721,2018-02-25 08:00:47.024,3e380db4-3591-4575-8df7-ec9e1d85199d,1623.4265,622.9118,1519516800000,dKs3VVxkvQ
0.0,4771820,com.sec.android.app.shealth,2018-02-27 08:24:51.792,2018-02-26 08:00:01.065,cd8539a5-43fb-4bee-bf50-1f780493d126,1726.5953,309.89996,1519603200000,dKs3VVxkvQ
0.0,8813815,com.sec.android.app.shealth,2018-03-01 10:22:42.786,2018-02-27 08:00:37.902,d6e18fab-c784-4331-8853-f5a598f8b0d6,1641.0994,571.0991,1519689600000,dKs3VVxkvQ
0.0,6215056,com.sec.android.app.shealth,2018-03-01 10:22:42.836,2018-02-28 08:00:06.287,2730c6fb-6752-48bc-b3f1-44fed79f093e,1696.0681,403.61108,1519776000000,dKs3VVxkvQ
0.0,7058451,com.sec.android.app.shealth,2018-03-02 05:17:31.006,2018-03-01 08:06:21.701,53ceb5cc-a44f-4ab7-8bca-fed08cb1f190,1678.2286,509.4911,1519862400000,dKs3VVxkvQ
0.0,5544901,com.sec.android.app.shealth,2018-03-03 05:00:07.843,2018-03-02 05:00:02.768,4aeefa04-7dbf-4d43-85aa-3fe8781f658b,1710.243,403.64996,1519948800000,dKs3VVxkvQ
0.0,3979559,com.sec.android.app.shealth,2018-03-04 05:13:19.436,2018-03-03 05:00:07.550,2d6bdbcf-0f5b-4322-87c5-6a9e8779d1a5,1743.3533,285.36395,1520035200000,dKs3VVxkvQ
0.0,1103587,com.sec.android.app.shealth,2018-03-05 05:00:02.632,2018-03-04 05:13:19.271,f4c9defe-7fb0-4b8d-a15f-136d1e2b4b32,1804.1857,72.880005,1520121600000,dKs3VVxkvQ
0.0,8641823,com.sec.android.app.shealth,2018-03-06 05:15:00.881,2018-03-05 05:00:02.416,b1aba3cf-548c-4c3c-9b93-fd83b54be73f,1644.7372,831.5731,1520208000000,dKs3VVxkvQ
0.0,4950017,com.sec.android.app.shealth,2018-03-07 05:11:27.993,2018-03-06 05:00:01.649,3bc0c80d-136e-4556-8bcd-9bda544c3ab3,1722.8262,356.68546,1520294400000,dKs3VVxkvQ
0.0,5925839,com.sec.android.app.shealth,2018-03-08 05:00:21.016,2018-03-07 05:00:05.514,d48d520e-2449-41f7-9ecb-0d98a746dce1,1702.1855,414.1432,1520380800000,dKs3VVxkvQ
0.0,7927071,com.sec.android.app.shealth,2018-03-09 05:20:50.613,2018-03-08 05:00:20.736,7ba46a80-99dc-40ee-870b-0a03287af468,1659.8556,553.92114,1520467200000,dKs3VVxkvQ
0.0,9820928,com.sec.android.app.shealth,2018-03-11 05:45:28.080,2018-03-09 05:01:34.299,cf031690-5d9b-44a7-be8f-07f22ca86718,1619.7969,685.9236,1520553600000,dKs3VVxkvQ
0.0,3273050,com.sec.android.app.shealth,2018-03-11 05:45:28.147,2018-03-10 05:00:08.044,399cb5a4-96d3-4b5c-82e3-260b1926d885,1758.2974,213.29993,1520640000000,dKs3VVxkvQ
0.0,6912594,com.sec.android.app.shealth,2018-03-12 05:06:16.385,2018-03-11 05:00:08.428,98f3181c-174a-40f3-8c50-c7d7391cff8d,1681.3138,464.8859,1520726400000,dKs3VVxkvQ
0.0,5709595,com.sec.android.app.shealth,2018-03-13 13:37:51.989,2018-03-12 04:04:21.018,92cdb8be-e404-46a2-adae-51e52940ba69,1706.7596,413.04202,1520812800000,dKs3VVxkvQ
0.0,3070319,com.sec.android.app.shealth,2018-03-14 04:01:01.548,2018-03-13 04:00:00.415,5a1d4e24-a74b-4ef2-ab5d-dec5968bbeeb,1762.5854,224.85269,1520899200000,dKs3VVxkvQ
0.0,5597000,com.sec.android.app.shealth,2018-03-16 01:40:18.484,2018-03-14 04:00:48.880,b0153e19-b273-424b-ae0d-847f97d8eaf9,1709.1411,389.07428,1520985600000,dKs3VVxkvQ
0.0,3969457,com.sec.android.app.shealth,2018-03-16 15:02:47.358,2018-03-15 04:07:38.393,95c0812f-b404-4572-9db0-d99c964fb350,1743.5669,271.3253,1521072000000,dKs3VVxkvQ
0.0,7765402,com.sec.android.app.shealth,2018-03-17 06:31:05.148,2018-03-16 04:00:00.460,ba9c1044-edac-4646-ab15-829184f331e5,1663.2753,536.61993,1521158400000,dKs3VVxkvQ
0.0,7817203,com.sec.android.app.shealth,2018-03-18 04:00:02.016,2018-03-17 04:00:01.611,72ea28a7-d637-4c53-8b7d-b7977e7bac36,1662.1796,539.15784,1521244800000,dKs3VVxkvQ
0.0,5002174,com.sec.android.app.shealth,2018-03-20 14:26:23.072,2018-03-18 04:00:01.755,77ac2049-9d9c-43b7-996f-a3eb6cdc9646,1721.7229,355.59314,1521331200000,dKs3VVxkvQ
0.0,8032537,com.sec.android.app.shealth,2018-03-20 14:26:23.101,2018-03-19 04:00:00.497,6ff7a21e-b1b0-4558-b88f-7de343222e0e,1657.6249,569.331,1521417600000,dKs3VVxkvQ
0.0,3919956,com.sec.android.app.shealth,2018-03-21 13:11:15.734,2018-03-20 04:00:00.646,5d9c9678-4857-4d85-9ab0-1069dd3153ad,1744.614,283.14584,1521504000000,dKs3VVxkvQ
0.0,5835514,com.sec.android.app.shealth,2018-03-22 04:00:00.721,2018-03-21 04:00:01.929,300c30ba-dd77-49f6-9052-68cae96568bb,1704.0962,396.53815,1521590400000,dKs3VVxkvQ
0.0,5518113,com.sec.android.app.shealth,2018-03-23 04:00:00.744,2018-03-22 04:00:00.531,92ac8e93-b529-4d4d-b10b-f93dd1162547,1710.8098,370.16464,1521676800000,dKs3VVxkvQ
0.0,10504154,com.sec.android.app.shealth,2018-03-24 04:54:13.526,2018-03-23 04:00:00.552,648dd3aa-2a02-4049-bc87-9fe742d01731,1605.3453,727.06354,1521763200000,dKs3VVxkvQ
0.0,1362147,com.sec.android.app.shealth,2018-03-25 05:16:07.966,2018-03-24 04:00:05.707,9b3855ec-c86a-45e6-8c3a-db9faf93eaf2,1798.7167,82.68101,1521849600000,79R9GKyaj4
0.0,100050,com.sec.android.app.shealth,2018-03-26 13:35:30.376,2018-03-25 05:00:00.507,4815793a-2827-4816-96c3-8f28ff06dcd5,1825.4125,5.8100004,1521936000000,79R9GKyaj4
0.0,2112462,com.sec.android.app.shealth,2018-03-27 05:33:16.384,2018-03-26 05:00:01.112,d15d6bcd-42ae-414b-8127-1e7125180ab4,1782.846,143.83002,1522022400000,79R9GKyaj4
0.0,726211,com.sec.android.app.shealth,2018-03-28 05:00:01.000,2018-03-27 05:00:01.158,c3b0d2dc-3e71-449d-bf70-70fead62a1ea,1812.168,56.2,1522108800000,79R9GKyaj4
0.0,1586922,com.sec.android.app.shealth,2018-03-29 05:43:20.719,2018-03-28 05:00:00.772,5fd9d28a-f2ed-41f2-9605-996b5e7c1268,1793.9623,98.28002,1522195200000,79R9GKyaj4
0.0,1420009,com.sec.android.app.shealth,2018-03-30 05:45:55.375,2018-03-29 05:00:00.523,6c36abba-4abc-4dfa-a098-f7ddc850c59a,1797.4928,100.60999,1522281600000,79R9GKyaj4
0.0,912320,com.sec.android.app.shealth,2018-03-31 05:01:16.072,2018-03-30 05:45:55.055,01f00669-47cc-4a9a-8bd6-f2996569e1aa,1808.2313,60.050007,1522368000000,79R9GKyaj4
0.0,4893756,com.sec.android.app.shealth,2018-04-02 15:17:13.803,2018-03-31 05:00:01.210,47f9b71e-22a1-4007-adb8-5f91fa1f84af,1724.0161,339.60156,1522454400000,79R9GKyaj4
0.0,1492995,com.sec.android.app.shealth,2018-04-02 15:17:13.897,2018-04-01 04:00:00.524,6b94904e-e8e4-431c-aff7-d5a93894763a,1795.949,95.92001,1522540800000,79R9GKyaj4
0.0,6945287,com.sec.android.app.shealth,2018-04-03 12:01:18.309,2018-04-02 05:15:26.274,111df52a-d17e-44e8-90af-4bee42cda51c,1680.6223,491.38428,1522627200000,79R9GKyaj4
0.0,6551260,com.sec.android.app.shealth,2018-04-04 04:00:00.751,2018-04-03 04:00:00.636,9bab69c9-a328-4c28-8c03-e311cb307a4b,1688.9567,589.8422,1522713600000,79R9GKyaj4
0.0,5246570,com.sec.android.app.shealth,2018-04-07 15:25:17.394,2018-04-04 04:00:00.486,ffeda018-b525-43f4-93c5-d644a7e40ca8,1716.5536,362.99707,1522800000000,79R9GKyaj4
0.0,6603032,com.sec.android.app.shealth,2018-04-07 15:25:17.479,2018-04-05 04:00:00.554,a12a53d9-9cce-4ed5-a361-e72765fb71d0,1687.8616,469.98395,1522886400000,79R9GKyaj4
0.0,4798900,com.sec.android.app.shealth,2018-04-07 15:25:17.597,2018-04-06 04:00:01.109,80cfe60e-8a1e-4020-a589-475f1a5d1d14,1726.0227,325.00348,1522972800000,79R9GKyaj4
0.0,5059528,com.sec.android.app.shealth,2018-04-08 04:00:01.604,2018-04-07 04:59:24.743,9dbfd052-9571-45f3-b6cb-35ec10ba616d,1720.5098,365.90497,1523059200000,79R9GKyaj4
0.0,1712152,com.sec.android.app.shealth,2018-04-13 22:26:35.213,2018-04-08 04:00:01.121,42c9bf6f-c455-4479-9137-1f92d8a7d63e,1791.3134,119.14998,1523145600000,79R9GKyaj4
0.0,5272138,com.sec.android.app.shealth,2018-04-10 04:33:48.726,2018-04-09 04:00:01.284,5f9d4fdb-aa61-4dd2-816a-28d8d92f6735,1716.0127,381.44388,1523232000000,79R9GKyaj4
0.0,3881056,com.sec.android.app.shealth,2018-04-11 04:00:01.126,2018-04-10 04:33:48.265,f28c97ad-538d-4788-a331-8d39f8d50439,1745.4368,272.2143,1523318400000,79R9GKyaj4
0.0,3411478,com.sec.android.app.shealth,2018-04-12 04:00:00.933,2018-04-11 04:00:00.866,bb18db38-cb91-499d-998d-3633d6d3a498,1755.3691,242.54065,1523404800000,79R9GKyaj4
0.0,4945247,com.sec.android.app.shealth,2018-04-13 04:00:00.748,2018-04-12 04:00:00.699,c0fcb668-9a41-4f6a-aed3-de90d897025d,1722.927,334.89734,1523491200000,79R9GKyaj4
0.0,5875064,com.sec.android.app.shealth,2018-04-14 04:38:25.425,2018-04-13 04:00:00.393,a48dd714-1cbc-480d-8284-3c8918780a37,1703.2596,402.20004,1523577600000,79R9GKyaj4
0.0,10969344,com.sec.android.app.shealth,2018-04-15 05:09:01.707,2018-04-14 04:00:01.218,28b5f0bf-5d74-46b8-8fa4-3f4cf4381b35,1595.5057,772.3987,1523664000000,79R9GKyaj4
0.0,1782961,com.sec.android.app.shealth,2018-04-16 04:00:00.697,2018-04-15 04:00:00.687,23bf2aa7-6e49-4b11-8b06-41bb8df02559,1789.8157,140.66002,1523750400000,79R9GKyaj4
0.0,6423607,com.sec.android.app.shealth,2018-04-17 04:00:00.762,2018-04-16 04:00:00.415,309cbaa7-9f6c-4acd-8d25-4a1b23ded380,1691.6569,466.3714,1523836800000,79R9GKyaj4
0.0,4164191,com.sec.android.app.shealth,2018-04-18 04:00:00.802,2018-04-17 04:00:00.569,dbdd0c8c-9871-4d30-a3ba-35afdac036af,1739.4479,285.13284,1523923200000,79R9GKyaj4
0.0,6492542,com.sec.android.app.shealth,2018-04-19 08:52:54.368,2018-04-18 04:00:00.490,62b2f618-fb5c-4afb-a245-27c69c848d5a,1690.1987,470.46472,1524009600000,79R9GKyaj4
0.0,6435278,com.sec.android.app.shealth,2018-04-20 04:00:00.865,2018-04-19 04:00:00.466,85f0df05-f1d3-4433-be9e-855575c29486,1691.41,448.5085,1524096000000,79R9GKyaj4
0.0,7078663,com.sec.android.app.shealth,2018-04-21 04:00:01.033,2018-04-20 04:00:00.642,074e9db5-cc7c-4968-a628-774fd1837e8d,1677.8011,484.3113,1524182400000,79R9GKyaj4
0.0,7160395,com.sec.android.app.shealth,2018-04-22 20:40:26.874,2018-04-21 04:00:00.756,3a6c4e36-06dd-4eab-9620-510a4a0421a1,1676.0724,479.00067,1524268800000,79R9GKyaj4
0.0,2685150,com.sec.android.app.shealth,2018-04-23 04:00:00.959,2018-04-22 04:01:28.265,3fdd2e73-d644-40fa-9490-060b187b9522,1770.7324,183.83493,1524355200000,79R9GKyaj4
0.0,7753320,com.sec.android.app.shealth,2018-04-24 04:00:14.013,2018-04-23 04:00:00.715,5c01c629-63be-415c-86d9-b7816b90a269,1663.5309,532.0611,1524441600000,79R9GKyaj4
0.0,8683989,com.sec.android.app.shealth,2018-04-25 18:06:10.112,2018-04-24 04:00:13.714,0c93da1b-4640-48d0-8e9c-2930353413ae,1643.8453,589.3788,1524528000000,79R9GKyaj4
0.0,6188022,com.sec.android.app.shealth,2018-04-26 04:00:01.396,2018-04-25 04:00:00.817,4674011a-c365-47d1-8a19-ba9ce4d94340,1696.6399,424.6871,1524614400000,79R9GKyaj4
0.0,7051962,com.sec.android.app.shealth,2018-04-27 09:39:42.318,2018-04-26 04:00:01.120,e42013f9-5644-4a2b-84aa-19df705a2034,1678.366,472.55096,1524700800000,79R9GKyaj4
0.0,6705832,com.sec.android.app.shealth,2018-04-28 13:18:31.615,2018-04-27 04:00:01.370,5ba8b4bf-d457-44c0-98a5-25e8c5314d97,1685.6873,458.34216,1524787200000,79R9GKyaj4
0.0,5775114,com.sec.android.app.shealth,2018-04-29 04:00:01.021,2018-04-28 04:00:00.635,79f9dad4-4e89-402f-9874-7af75f2b192a,1705.3738,399.8601,1524873600000,79R9GKyaj4
0.0,6475955,com.sec.android.app.shealth,2018-04-30 18:44:24.184,2018-04-29 04:00:00.776,e66abad7-0a6e-48d1-85e3-68ab4d6e9f59,1690.5497,448.4831,1524960000000,79R9GKyaj4
0.0,9253995,com.sec.android.app.shealth,2018-05-01 04:05:50.414,2018-04-30 04:00:01.407,79e1fd91-9c73-4dce-9d46-806c16f15df8,1631.7887,643.6361,1525046400000,79R9GKyaj4
0.0,5525869,com.sec.android.app.shealth,2018-05-02 15:18:56.734,2018-05-01 04:00:01.078,94939743-d2cb-4ae0-8d88-41066f39c709,1710.6458,375.57022,1525132800000,79R9GKyaj4
0.0,7989556,com.sec.android.app.shealth,2018-05-03 04:00:02.187,2018-05-02 04:00:00.880,077cee72-6117-4f5b-b25c-5421df245dbc,1658.534,545.34283,1525219200000,79R9GKyaj4
0.0,5710448,com.sec.android.app.shealth,2018-05-04 11:05:35.386,2018-05-03 04:00:01.726,91adfc51-b862-447d-8edb-042813e5dec3,1706.7416,373.16602,1525305600000,79R9GKyaj4
0.0,7000127,com.sec.android.app.shealth,2018-05-06 16:21:25.140,2018-05-04 04:00:00.722,70f2f559-62e4-4290-ae3d-3135ed2c5444,1679.4623,474.24405,1525392000000,79R9GKyaj4
0.0,14154407,com.sec.android.app.shealth,2018-05-06 16:21:25.292,2018-05-05 04:00:01.589,fb3ebeb8-4624-4e9c-a319-b2f412cdad99,1528.1354,1015.7225,1525478400000,79R9GKyaj4
0.0,6525825,com.sec.android.app.shealth,2018-05-07 04:00:01.318,2018-05-06 04:00:00.618,953158c7-a75f-4751-8f0a-02816affa3ab,1689.4948,433.5779,1525564800000,79R9GKyaj4
0.0,7874062,com.sec.android.app.shealth,2018-05-08 04:25:59.909,2018-05-07 04:00:01.008,038f0d2b-58a8-4009-8744-3703607d3ff4,1576.4728,476.66888,1525651200000,79R9GKyaj4
0.0,5686958,com.sec.android.app.shealth,2018-05-09 04:20:29.990,2018-05-08 04:00:00.725,dd68a8ce-439c-402c-ad2b-c86dd74e7103,1620.3807,356.6372,1525737600000,79R9GKyaj4
0.0,5211717,com.sec.android.app.shealth,2018-05-10 04:00:01.756,2018-05-09 04:00:00.771,1d226ffb-7071-4f27-8083-1ed137593603,1629.9215,350.29785,1525824000000,79R9GKyaj4
0.0,5014537,com.sec.android.app.shealth,2018-05-11 10:16:32.717,2018-05-10 04:00:01.212,662191c3-525b-4705-a984-e8d8e4a74b74,1633.8802,318.63666,1525910400000,79R9GKyaj4
0.0,5350973,com.sec.android.app.shealth,2018-05-12 23:25:25.504,2018-05-11 04:00:01.244,34f782a8-b6a1-4e89-92a4-229b4f738e2c,1627.126,382.70844,1525996800000,79R9GKyaj4
0.0,7044465,com.sec.android.app.shealth,2018-05-13 04:00:01.012,2018-05-12 04:00:00.509,57a5d892-220f-4238-8662-5bb5f0f02f95,1593.1278,449.15768,1526083200000,79R9GKyaj4
0.0,2602240,com.sec.android.app.shealth,2018-05-14 06:30:52.270,2018-05-13 04:00:00.768,c7c4569b-31e1-449c-abf6-62b192ef6b30,1682.3091,161.11002,1526169600000,79R9GKyaj4
0.0,8978862,com.sec.android.app.shealth,2018-06-10 18:15:43.073,2018-05-14 04:00:00.420,2626fb0c-1ff2-4bbe-b535-8edef11906f0,1554.2931,576.40063,1526256000000,79R9GKyaj4
0.0,4592272,com.sec.android.app.shealth,2018-06-10 18:15:43.218,2018-05-14 22:00:00.440,eda04a8a-4539-4372-8cd3-b21cd1bc22ed,1642.3574,292.81015,1526342400000,79R9GKyaj4
0.0,2886907,com.sec.android.app.shealth,2018-06-10 18:15:43.307,2018-05-15 22:00:01.498,e7db0e6b-ca63-4a76-ad79-9d6e16cd22e4,1676.5942,203.54016,1526428800000,79R9GKyaj4
0.0,5842581,com.sec.android.app.shealth,2018-06-10 18:15:43.391,2018-05-16 22:00:00.981,194c0ec0-ec8f-4034-85ea-1716bfbd15d5,1617.2565,390.69595,1526515200000,79R9GKyaj4
0.0,3251311,com.sec.android.app.shealth,2018-06-10 18:15:43.429,2018-05-17 22:00:01.308,39d81e68-5482-4ca6-b76a-5e49c03cd352,1669.2784,221.64993,1526601600000,79R9GKyaj4
0.0,18151802,com.sec.android.app.shealth,2018-06-10 18:15:43.463,2018-05-18 22:00:00.519,4409c1e6-6f35-43d8-af37-aa1af4903601,1370.1388,1112.5071,1526688000000,79R9GKyaj4
0.0,4558600,com.sec.android.app.shealth,2018-06-10 18:15:43.559,2018-05-19 22:01:36.933,c753be59-3579-4794-9c98-5d7eff030244,1643.0336,312.91,1526774400000,79R9GKyaj4
0.0,5785397,com.sec.android.app.shealth,2018-06-10 18:15:43.678,2018-05-21 04:00:01.224,701a3961-0d1d-4bea-aa82-51c9b5666d4a,1618.4045,372.9433,1526860800000,79R9GKyaj4
0.0,7358276,com.sec.android.app.shealth,2018-06-19 03:47:17.627,2018-05-22 04:00:01.030,4a5d4fb6-a43c-45b3-a1f1-4e44a1be294c,1586.8278,489.70148,1526947200000,79R9GKyaj4
0.0,5066009,com.sec.android.app.shealth,2018-06-19 03:47:17.808,2018-05-23 04:00:00.926,32205ed5-ff7b-47b8-9b19-464f9ef22df2,1632.8469,336.87238,1527033600000,79R9GKyaj4
0.0,8456181,com.sec.android.app.shealth,2018-06-19 03:47:17.951,2018-05-24 04:00:00.893,e52f14d1-27b9-4312-9839-f1e31a987b25,1564.7863,544.71716,1527120000000,79R9GKyaj4
0.0,9888294,com.sec.android.app.shealth,2018-06-19 03:47:18.067,2018-05-25 04:00:00.763,061b2d66-98ec-44a6-a867-e2ed036d9380,1536.0354,630.76746,1527206400000,79R9GKyaj4
0.0,2399256,com.sec.android.app.shealth,2018-06-19 03:47:18.173,2018-05-26 04:00:00.482,63ff9cc2-b668-4297-bd1d-8b0503d70a73,1686.3842,174.32996,1527292800000,79R9GKyaj4
0.0,4994991,com.sec.android.app.shealth,2018-06-19 03:47:18.208,2018-05-27 04:00:01.339,4f0d0f74-9a6e-4911-adef-ebbfd5e9d60d,1634.2726,332.34003,1527379200000,79R9GKyaj4
0.0,1033445,com.sec.android.app.shealth,2018-06-19 03:47:18.249,2018-05-28 04:00:00.496,fde0b815-a20e-4061-8745-cdc93eb0c456,1713.8038,70.31,1527465600000,79R9GKyaj4
0.0,6672850,com.sec.android.app.shealth,2018-06-19 03:47:18.278,2018-05-29 04:00:00.786,d5bf665b-dc7c-458e-87e1-21540f343230,1600.5881,433.66336,1527552000000,79R9GKyaj4
0.0,6449607,com.sec.android.app.shealth,2018-06-19 03:47:18.356,2018-05-30 04:00:01.280,1798d12d-9893-4060-9637-f684aa2c1002,1605.07,416.1345,1527638400000,79R9GKyaj4
0.0,5203737,com.sec.android.app.shealth,2018-06-19 03:47:18.389,2018-05-31 04:00:00.746,5ecdfbc6-6d15-4fa1-b892-649b12a60315,1630.0819,336.86023,1527724800000,79R9GKyaj4
0.0,6372550,com.sec.android.app.shealth,2018-06-19 03:47:18.427,2018-06-01 04:00:00.828,c05bc267-39b8-4b41-a43a-3b5870b183e7,1606.617,411.91138,1527811200000,79R9GKyaj4
0.0,4774464,com.sec.android.app.shealth,2018-06-19 03:47:18.460,2018-06-02 04:00:00.778,942637db-a027-4b99-8c7f-121767b49a2c,1638.6998,328.08002,1527897600000,79R9GKyaj4
0.0,2100730,com.sec.android.app.shealth,2018-06-19 03:47:18.491,2018-06-03 04:16:15.519,7e6b095d-6f16-4f63-9f93-b80abdb17810,1692.3773,141.41002,1527984000000,79R9GKyaj4
0.0,6589556,com.sec.android.app.shealth,2018-06-19 03:47:18.544,2018-06-04 04:00:01.004,a7349695-c192-4f34-818d-42c1e435adbb,1655.0264,443.1289,1528070400000,79R9GKyaj4
0.0,6821502,com.sec.android.app.shealth,2018-06-19 03:47:18.573,2018-06-05 04:00:00.630,388871b0-0643-47c9-bb1d-d478958599cf,1636.7838,449.38824,1528156800000,79R9GKyaj4
0.0,4664188,com.sec.android.app.shealth,2018-06-19 03:47:18.589,2018-06-06 04:00:00.763,7f300dbb-850b-47bc-abde-57c4449396d7,1681.1559,295.0052,1528243200000,79R9GKyaj4
0.0,7821634,com.sec.android.app.shealth,2018-06-19 03:47:18.615,2018-06-07 04:00:00.548,d163eb55-347a-4d8d-ba4f-0e0160070deb,1616.2131,534.88007,1528329600000,79R9GKyaj4
0.0,7412209,com.sec.android.app.shealth,2018-06-19 03:47:18.634,2018-06-08 04:00:00.875,8ed3770f-5922-41e2-9ea1-e9f37debcaff,1624.6342,494.59464,1528416000000,79R9GKyaj4
0.0,2472537,com.sec.android.app.shealth,2018-06-19 03:47:18.686,2018-06-09 04:39:45.899,83c6ccf4-4ac2-4622-a582-adce6118ceac,1726.2341,155.24997,1528502400000,79R9GKyaj4
153.1,1913478,com.sec.android.app.shealth,2018-06-19 03:47:18.711,2018-06-10 04:00:00.864,fdb7189c-0f73-435b-8322-eb8ee3a0a0d7,1722.2825,126.45,1528588800000,79R9GKyaj4
0.0,6624705,com.sec.android.app.shealth,2018-06-19 03:47:18.814,2018-06-11 04:00:00.907,6d800a58-bc2b-4049-a029-7d691e11878f,1646.4425,452.28845,1528675200000,79R9GKyaj4
0.0,6842388,com.sec.android.app.shealth,2018-06-19 03:47:18.906,2018-06-12 04:00:00.500,271576c0-90e7-40c6-912d-54025f784404,1641.95,469.37997,1528761600000,79R9GKyaj4
0.0,7451628,com.sec.android.app.shealth,2018-06-19 03:47:18.968,2018-06-13 04:00:00.642,5ee84e83-67cf-4bb1-ab96-ab76c857cfa2,1629.376,466.60205,1528848000000,79R9GKyaj4
0.0,7510531,com.sec.android.app.shealth,2018-06-19 03:47:19.029,2018-06-14 04:00:00.930,a4e18d59-739e-4a04-98c1-aea92854a4e8,1628.1604,480.13297,1528934400000,79R9GKyaj4
0.0,7047189,com.sec.android.app.shealth,2018-06-19 03:47:19.074,2018-06-15 04:00:01.100,ba42ead2-8934-4f4e-9609-68667e3503e8,1637.723,454.661,1529020800000,79R9GKyaj4
0.0,11574394,com.sec.android.app.shealth,2018-06-19 03:47:19.161,2018-06-16 04:00:01.176,fea04478-c57f-408d-bbe2-570d1b7f4b35,1544.2885,764.7778,1529107200000,79R9GKyaj4
0.0,11871769,com.sec.android.app.shealth,2018-06-19 03:47:27.525,2018-06-17 04:00:01.195,f5b1d016-ba34-47f5-bdba-585e3ebcfbd5,1538.151,790.85876,1529193600000,79R9GKyaj4
0.0,5136674,com.sec.android.app.shealth,2018-06-19 04:00:02.298,2018-06-18 04:00:00.733,0bd04741-8f22-467b-b50f-c9edd1a20489,1677.1533,347.34998,1529280000000,79R9GKyaj4
0.0,9391052,com.sec.android.app.shealth,2018-06-20 04:31:43.238,2018-06-19 04:00:01.820,a4f0eaf1-fe15-4fdf-b846-542bcb34e4bf,1589.3492,783.8978,1529366400000,79R9GKyaj4
0.0,6422749,com.sec.android.app.shealth,2018-06-21 14:03:08.491,2018-06-20 04:00:13.609,e00c1b23-a77a-4e5c-9beb-030c3e45db8f,1650.6105,451.57483,1529452800000,79R9GKyaj4
0.0,8278581,com.sec.android.app.shealth,2018-06-22 04:00:00.831,2018-06-21 04:00:00.699,0b224506-7372-4c3c-8577-efc073bae34c,1612.3088,539.66486,1529539200000,79R9GKyaj4
0.0,10352060,com.sec.android.app.shealth,2018-06-23 11:15:57.866,2018-06-22 04:00:00.527,660e8a74-8d03-4375-bf79-39c049335a6b,1569.5155,695.8181,1529625600000,79R9GKyaj4
0.0,22168528,com.sec.android.app.shealth,2018-06-25 04:17:39.839,2018-06-23 07:00:01.183,0e2c319d-2f35-49bf-a0be-bc43fa664ddd,1325.6414,1633.6201,1529712000000,79R9GKyaj4
0.0,13406601,com.sec.android.app.shealth,2018-06-26 00:16:27.881,2018-06-24 07:00:01.301,658536a9-3f75-4f51-ac37-d4a725170f5c,1506.4744,939.69867,1529798400000,79R9GKyaj4
0.0,8961803,com.sec.android.app.shealth,2018-06-26 04:00:00.833,2018-06-25 07:00:00.462,a5439312-f68c-4440-a304-c860ab558505,1598.2084,598.78906,1529884800000,79R9GKyaj4
0.0,8003819,com.sec.android.app.shealth,2018-06-27 13:49:19.706,2018-06-26 04:00:00.440,265df522-d22b-43f5-a686-355f3e43ecf5,1617.9797,528.1692,1529971200000,79R9GKyaj4
0.0,5156245,com.sec.android.app.shealth,2018-06-28 04:00:01.016,2018-06-27 04:00:00.512,033256c9-4069-4ca1-96bb-cc72c808ad67,1676.7493,349.5438,1530057600000,79R9GKyaj4
0.0,5852800,com.sec.android.app.shealth,2018-06-29 04:07:26.571,2018-06-28 04:00:00.819,9b7bf1b5-adca-412b-abfa-2fd4ddcbb250,1662.3735,399.02982,1530144000000,79R9GKyaj4
0.0,8385549,com.sec.android.app.shealth,2018-06-30 05:21:22.960,2018-06-29 04:00:00.882,a0979464-f37d-437a-9e3f-1ea4db321bcc,1610.1012,578.9562,1530230400000,79R9GKyaj4
0.0,2923184,com.sec.android.app.shealth,2018-07-01 15:51:58.385,2018-06-30 04:00:00.407,f26528fa-7c26-43b3-be14-d26c46dcbd4d,1722.8364,219.09,1530316800000,79R9GKyaj4
0.0,3233029,com.sec.android.app.shealth,2018-07-02 11:53:56.415,2018-07-01 04:00:00.386,a2d473f0-a4b9-4822-a987-764f6dd28e3f,1716.4415,246.52904,1530403200000,79R9GKyaj4
0.0,6915969,com.sec.android.app.shealth,2018-07-03 05:53:15.129,2018-07-02 04:00:01.327,8d5982b3-cfa4-457b-a7b7-9f568466d2e5,1640.4313,474.72037,1530489600000,79R9GKyaj4
0.0,7581515,com.sec.android.app.shealth,2018-07-05 18:39:18.418,2018-07-03 04:00:01.293,1c84df1a-9484-4fdd-b472-959dac886b9a,1626.6954,511.31958,1530576000000,79R9GKyaj4
0.0,4242784,com.sec.android.app.shealth,2018-07-05 18:39:18.557,2018-07-04 04:00:00.745,20d08c63-bf06-4e7c-94d2-d828ae9f70ef,1695.6018,287.05997,1530662400000,79R9GKyaj4
0.0,7484489,com.sec.android.app.shealth,2018-07-06 07:19:12.307,2018-07-05 04:00:00.966,adc27e22-6b0e-4f1e-b8fe-5e412234a9fe,1628.6979,505.14215,1530748800000,79R9GKyaj4
0.0,3160873,com.sec.android.app.shealth,2018-08-03 03:19:06.080,2018-07-06 04:00:01.591,fc4adfbc-8d29-44a4-b4a0-9521115ad6be,1717.9309,217.55092,1530835200000,79R9GKyaj4
0.0,4834317,com.sec.android.app.shealth,2018-08-03 03:19:06.239,2018-07-07 04:17:30.426,988caaae-4055-43f0-960a-369692870fab,1683.3933,313.57996,1530921600000,79R9GKyaj4
0.0,6732643,com.sec.android.app.shealth,2018-08-03 03:19:06.599,2018-07-08 04:10:36.172,9807a512-a7be-46c5-9360-e5b8db573168,1644.215,438.42194,1531008000000,79R9GKyaj4
0.0,8912307,com.sec.android.app.shealth,2018-08-03 03:19:06.921,2018-07-09 04:00:01.269,70eca678-4774-448a-b65f-482333733a74,1599.2299,595.4311,1531094400000,79R9GKyaj4
0.0,8480140,com.sec.android.app.shealth,2018-08-03 03:19:07.139,2018-07-10 04:00:00.554,59e463f5-96de-49f1-9607-4abab2f6c3bb,1608.149,584.62683,1531180800000,79R9GKyaj4
0.0,7346337,com.sec.android.app.shealth,2018-08-03 03:19:07.336,2018-07-11 04:00:01.398,e928ab4d-4014-44d5-8224-80a4f04ee5ee,1632.6609,493.9926,1531267200000,79R9GKyaj4
0.0,9493531,com.sec.android.app.shealth,2018-08-03 03:19:07.624,2018-07-12 04:00:00.499,9b8f807d-8b63-4c08-b7df-43f809b6b261,1588.3159,821.6809,1531353600000,79R9GKyaj4
0.0,6378438,com.sec.android.app.shealth,2018-08-03 03:19:07.988,2018-07-13 04:00:00.377,a9948b76-2282-4247-b7c9-b9d5baddaf96,1652.6505,431.56937,1531440000000,79R9GKyaj4
0.0,10734825,com.sec.android.app.shealth,2018-08-03 03:19:08.526,2018-07-14 04:17:54.848,badd0112-a98e-4392-9d24-5d10cefdfa84,1562.6799,699.7833,1531526400000,79R9GKyaj4
0.0,3590069,com.sec.android.app.shealth,2018-08-03 03:19:08.682,2018-07-15 05:45:51.518,0fb703ad-5392-4bcf-8145-0e696b044987,1710.2374,233.34998,1531612800000,79R9GKyaj4
0.0,8684766,com.sec.android.app.shealth,2018-08-03 03:19:08.968,2018-07-16 04:00:00.962,ec9f6f92-2118-4a1b-a5f8-5c77f2563ed7,1605.0188,770.58105,1531699200000,79R9GKyaj4
0.0,8099818,com.sec.android.app.shealth,2018-08-03 03:19:09.214,2018-07-17 04:00:00.740,98ce82aa-764a-42d7-8b1c-84dd6a640318,1617.0996,573.7833,1531785600000,79R9GKyaj4
0.0,5970826,com.sec.android.app.shealth,2018-08-03 03:19:09.440,2018-07-18 04:00:01.178,fa8f54da-52b8-49f9-92b2-16bbf9c63ff2,1661.0687,412.58267,1531872000000,79R9GKyaj4
0.0,6868127,com.sec.android.app.shealth,2018-08-03 03:19:09.633,2018-07-19 04:00:01.636,be578d85-a82e-45e8-94f9-080399e2c36c,1642.5371,438.6416,1531958400000,79R9GKyaj4
0.0,7939793,com.sec.android.app.shealth,2018-08-03 03:19:09.805,2018-07-20 04:00:00.796,ba3ad355-a5b3-4b06-a462-67b989735430,1631.9927,528.2875,1532044800000,79R9GKyaj4
0.0,6389908,com.sec.android.app.shealth,2018-08-03 03:19:10.136,2018-07-21 04:00:00.492,6dc28ee3-82fb-44f1-a614-aff9d80aa176,1664.2308,432.2603,1532131200000,79R9GKyaj4
0.0,6276046,com.sec.android.app.shealth,2018-08-03 03:19:10.348,2018-07-22 04:00:01.264,68feef23-3b4c-496c-9882-e9dec2edb5fe,1666.599,461.59766,1532217600000,79R9GKyaj4
0.0,6668596,com.sec.android.app.shealth,2018-08-03 03:19:10.582,2018-07-23 04:00:01.107,6d4da460-6e21-49fc-b8ba-64dd6c0f0d69,1658.4341,458.401,1532304000000,79R9GKyaj4
0.0,5579407,com.sec.android.app.shealth,2018-08-20 11:30:55.623,2018-07-24 05:07:07.551,b9bce368-dcb7-4469-a625-94e512503aa2,1681.0892,362.20737,1532390400000,79R9GKyaj4
0.0,6418520,com.sec.android.app.shealth,2018-08-20 11:30:55.871,2018-07-25 04:43:31.774,fb251dc7-f1e1-4b38-86f7-da60eb44eb8c,1663.6356,417.67242,1532476800000,79R9GKyaj4
0.0,6261728,com.sec.android.app.shealth,2018-08-20 11:30:56.139,2018-07-26 04:00:00.583,f151d7b1-0468-4b43-8472-1844fe6363c1,1666.8969,418.2373,1532563200000,79R9GKyaj4
0.0,6625882,com.sec.android.app.shealth,2018-08-20 11:30:56.398,2018-07-27 04:00:00.917,a7b45848-3d75-4e99-8438-e9b91d36a0e8,1659.3225,466.90894,1532649600000,79R9GKyaj4
0.0,3155444,com.sec.android.app.shealth,2018-08-20 11:30:56.694,2018-07-28 04:00:01.232,ba73b4b9-d191-4c80-bfa8-9308489216de,1731.5084,212.241,1532736000000,79R9GKyaj4
0.0,3038563,com.sec.android.app.shealth,2018-08-20 11:30:56.874,2018-07-29 05:27:14.696,f3681cfa-fe93-41c1-8b7a-242918bac71f,1733.9396,198.99994,1532822400000,79R9GKyaj4
0.0,6495778,com.sec.android.app.shealth,2018-08-20 11:30:57.037,2018-07-30 04:00:00.495,3813796e-b7f1-4164-9102-187744034467,1662.0286,430.34335,1532908800000,79R9GKyaj4
0.0,8266066,com.sec.android.app.shealth,2018-08-20 11:30:57.270,2018-07-31 04:00:00.974,df8bcf83-fd69-47a7-9d82-505c17f0d6ce,1625.2062,539.255,1532995200000,79R9GKyaj4
0.0,5587163,com.sec.android.app.shealth,2018-08-20 11:30:57.495,2018-08-01 04:00:00.748,14bb28bd-930b-4b90-b289-9e3902dc2a93,1680.9281,372.05072,1533081600000,79R9GKyaj4
0.0,7483675,com.sec.android.app.shealth,2018-08-20 11:30:57.697,2018-08-02 04:00:00.689,7e247c54-1409-48f0-9630-1b31e26e4687,1641.4801,477.99182,1533168000000,79R9GKyaj4
0.0,6646841,com.sec.android.app.shealth,2018-08-20 11:30:57.874,2018-08-03 04:00:00.898,74af24a7-96db-4cd2-9864-c54c9c514e5f,1658.8865,443.5102,1533254400000,79R9GKyaj4
0.0,4379450,com.sec.android.app.shealth,2018-08-20 11:30:57.994,2018-08-04 04:00:01.714,7afe9557-f8f7-43b5-a4b9-106558a028d0,1706.0488,323.66003,1533340800000,79R9GKyaj4
0.0,2843100,com.sec.android.app.shealth,2018-08-20 11:30:58.188,2018-08-05 04:00:47.562,9219892c-a2c9-4efb-b8e7-3a3279b89924,1738.0051,189.78998,1533427200000,79R9GKyaj4
0.0,5046538,com.sec.android.app.shealth,2018-08-20 11:30:58.428,2018-08-06 04:00:01.333,16f30364-05da-46ff-9b74-f498fa210ee1,1696.1782,337.051,1533513600000,79R9GKyaj4
0.0,6566757,com.sec.android.app.shealth,2018-08-20 11:30:58.663,2018-08-07 04:00:02.554,3c47280b-3216-4173-8cf9-5cde41525546,1665.6062,445.98993,1533600000000,79R9GKyaj4
0.0,4512715,com.sec.android.app.shealth,2018-08-20 11:30:58.787,2018-08-08 04:00:01.165,5ae96664-2b9e-40e5-be26-5ac5541b2d82,1694.6375,303.91037,1533686400000,79R9GKyaj4
0.0,9210078,com.sec.android.app.shealth,2018-08-20 11:30:58.962,2018-08-09 04:00:01.173,68b8d5b1-5d60-4c40-ade1-910b7b303381,1597.4266,616.80444,1533772800000,79R9GKyaj4
0.0,7504175,com.sec.android.app.shealth,2018-08-20 11:30:59.219,2018-08-10 04:00:01.182,bfec2961-f235-49d0-8794-276101a8d0a5,1632.73,501.71738,1533859200000,79R9GKyaj4
0.0,3284883,com.sec.android.app.shealth,2018-08-20 11:30:59.402,2018-08-11 04:00:01.338,13d9ef8c-cbfb-4521-b96f-5deac816df6b,1720.0472,222.21997,1533945600000,79R9GKyaj4
0.0,1713695,com.sec.android.app.shealth,2018-08-20 11:30:59.610,2018-08-12 17:00:15.221,029eb561-8b3e-411e-b993-9b379f7cd9b9,1752.5624,106.441,1534032000000,79R9GKyaj4
0.0,7337366,com.sec.android.app.shealth,2018-08-20 11:30:59.775,2018-08-13 04:00:00.918,63c7ad64-4de1-4582-8efe-30990c95d6a1,1631.7341,739.09595,1534118400000,79R9GKyaj4
0.0,4170457,com.sec.android.app.shealth,2018-08-20 11:30:59.997,2018-08-14 04:00:01.154,723ad155-28b2-4f00-8bec-10029556ac1c,1697.0946,282.4297,1534204800000,79R9GKyaj4
0.0,5186451,com.sec.android.app.shealth,2018-08-20 11:31:00.156,2018-08-15 04:00:01.214,dbaf6911-2dfc-42b4-9919-27f9449b04a3,1666.9862,357.69318,1534291200000,79R9GKyaj4
0.0,6336870,com.sec.android.app.shealth,2018-08-20 11:31:00.321,2018-08-16 04:00:00.578,51e1765e-07c2-437e-bb32-0380c0fd4143,1643.3727,426.78955,1534377600000,79R9GKyaj4
0.0,7982964,com.sec.android.app.shealth,2018-08-20 11:31:00.556,2018-08-17 04:00:00.653,8914dc85-d1d4-4948-86f2-28915ca2b3bf,1609.5851,540.9422,1534464000000,79R9GKyaj4
0.0,3074823,com.sec.android.app.shealth,2018-08-20 11:31:00.771,2018-08-18 04:00:01.230,0ec14253-ed86-412d-b86d-a331deec0ae3,1710.3292,201.20001,1534550400000,79R9GKyaj4
0.0,9532426,com.sec.android.app.shealth,2018-08-20 11:31:00.978,2018-08-19 04:00:00.624,4720226d-a1f8-461d-b7cc-af7a68a2903e,1577.7809,687.78937,1534636800000,79R9GKyaj4
0.0,8854259,com.sec.android.app.shealth,2018-08-21 04:00:01.203,2018-08-20 04:00:00.606,564d9cd6-61df-4e7b-9255-654dc65df9e7,1611.8809,843.4968,1534723200000,79R9GKyaj4
0.0,10938305,com.sec.android.app.shealth,2018-08-22 04:00:01.773,2018-08-21 04:00:00.854,9750f908-488c-44f8-81ad-2642b6a0cc56,1564.8464,707.38635,1534809600000,79R9GKyaj4
0.0,8163703,com.sec.android.app.shealth,2018-08-23 04:00:01.380,2018-08-22 04:00:01.177,bcfcebc6-d8af-4941-9457-dff40ba101b3,1622.3833,507.2835,1534896000000,79R9GKyaj4
0.0,6218729,com.sec.android.app.shealth,2018-08-24 04:00:01.596,2018-08-23 04:00:00.930,ae16e1d9-02ae-45ff-9902-18acc60c9dc2,1662.7162,386.35098,1534982400000,79R9GKyaj4
0.0,8318149,com.sec.android.app.shealth,2018-08-25 07:47:17.686,2018-08-24 04:00:00.899,e2ecbf52-1d51-46e2-8c8f-84ebe42929a9,1619.1804,545.5089,1535068800000,79R9GKyaj4
0.0,9965775,com.sec.android.app.shealth,2018-08-26 07:38:38.103,2018-08-25 05:00:01.276,91181c6e-9590-4a53-b722-78e10cb6b72f,1585.0138,706.26807,1535155200000,79R9GKyaj4
0.0,4942274,com.sec.android.app.shealth,2018-08-27 05:24:06.567,2018-08-26 05:00:01.175,55802e5b-f54c-4c78-bde1-50c6f6aec724,1689.186,314.62003,1535241600000,79R9GKyaj4
0.0,7380713,com.sec.android.app.shealth,2018-09-24 03:25:44.719,2018-08-27 05:24:06.595,938ccdc8-dfa7-4210-b20b-2b1775e19104,1638.6202,511.0779,1535328000000,79R9GKyaj4
0.0,10296767,com.sec.android.app.shealth,2018-09-24 03:25:44.974,2018-08-28 04:00:09.243,c9e33575-9dfe-41c1-b383-f36a5a366286,1592.0663,682.8429,1535414400000,79R9GKyaj4
0.0,5894389,com.sec.android.app.shealth,2018-09-24 03:24:37.547,2018-08-29 04:00:00.707,68dd9589-4d1e-41c8-ac74-b400d3fad044,1684.1632,393.21304,1535500800000,79R9GKyaj4
0.0,9016136,com.sec.android.app.shealth,2018-09-24 03:24:37.919,2018-08-30 04:00:00.982,7ef2dedb-fbc8-4ecb-87cb-2522f79f4bb7,1609.0609,872.2173,1535587200000,79R9GKyaj4
0.0,5627364,com.sec.android.app.shealth,2018-09-27 11:47:02.787,2018-08-31 04:00:01.180,8c5a2376-3e7d-4660-8e76-a4a410198070,1679.5245,385.07642,1535673600000,79R9GKyaj4
0.0,6742518,com.sec.android.app.shealth,2018-09-27 11:47:02.806,2018-09-01 04:00:01.224,4a6c0bfd-e97c-4cc3-8a6f-b25017aa479f,1656.3367,462.38812,1535760000000,79R9GKyaj4
0.0,5809358,com.sec.android.app.shealth,2018-09-27 11:47:03.110,2018-09-02 04:00:00.148,4f2c9357-4970-42de-9419-566e8aeb44f6,1675.7401,395.11,1535846400000,79R9GKyaj4
0.0,6083603,com.sec.android.app.shealth,2018-09-27 11:47:03.390,2018-09-03 04:00:00.941,6c3d0796-6432-47b6-8087-90be29a9d317,1670.0378,425.748,1535932800000,79R9GKyaj4
0.0,8884899,com.sec.android.app.shealth,2018-09-27 11:47:03.619,2018-09-04 04:00:00.771,b295707a-5144-4532-8fd0-accb51a2046d,1611.7898,850.177,1536019200000,79R9GKyaj4
0.0,5346734,com.sec.android.app.shealth,2018-09-27 11:47:03.746,2018-09-05 04:00:01.117,a967bb5b-5b24-48a7-a91b-8beebe95f590,1688.7792,365.96918,1536105600000,79R9GKyaj4
0.0,6907919,com.sec.android.app.shealth,2018-09-27 11:47:03.992,2018-09-06 04:00:01.222,07edb207-fee1-413d-bfb0-2efa673be2d1,1656.2512,457.79172,1536192000000,79R9GKyaj4
0.0,6408056,com.sec.android.app.shealth,2018-09-27 11:47:04.193,2018-09-07 04:00:01.707,5b81ae22-0d5f-4f31-83ff-25f345509402,1674.5437,450.09796,1536278400000,79R9GKyaj4
0.0,4826723,com.sec.android.app.shealth,2018-09-27 11:47:04.234,2018-09-08 04:00:00.985,f17979aa-cf11-40f5-9010-5b2c14be07df,1707.6473,331.66003,1536364800000,79R9GKyaj4
0.0,2154249,com.sec.android.app.shealth,2018-09-27 11:47:04.245,2018-09-09 04:00:12.122,74d7e90b-c739-48b5-9ede-7fbca43c628c,1763.5925,153.38106,1536451200000,79R9GKyaj4
0.0,5595994,com.sec.android.app.shealth,2018-09-27 11:47:04.465,2018-09-10 04:00:00.680,cd1e20f7-0ab9-4d89-ab6f-1cae2a59d88f,1691.5435,378.78177,1536537600000,79R9GKyaj4
0.0,8537816,com.sec.android.app.shealth,2018-09-27 11:47:04.615,2018-09-11 04:00:00.787,c12cc882-4cce-4411-9e24-59dc45e933ce,1610.2439,560.6667,1536624000000,79R9GKyaj4
0.0,10978622,com.sec.android.app.shealth,2018-09-27 11:47:04.825,2018-09-12 04:00:01.105,d919f137-8748-4db1-b5e4-2373de07e704,1559.7662,726.6239,1536710400000,79R9GKyaj4
0.0,7234584,com.sec.android.app.shealth,2018-09-27 11:47:05.084,2018-09-13 04:00:01.191,cd279257-ed02-4c91-bdf4-43c52c216859,1637.1957,457.28995,1536796800000,79R9GKyaj4
0.0,10990970,com.sec.android.app.shealth,2018-09-27 11:47:05.298,2018-09-14 04:00:02.548,1503da86-25ec-408a-a016-343a509b93c2,1559.511,737.57556,1536883200000,79R9GKyaj4
0.0,15533834,com.sec.android.app.shealth,2018-09-27 11:47:05.538,2018-09-15 04:00:01.114,94ddffc0-bf24-4fdf-a826-77c44e383464,1465.5614,1053.5087,1536969600000,79R9GKyaj4
0.0,4481531,com.sec.android.app.shealth,2018-09-27 11:47:05.624,2018-09-16 04:00:00.689,ba138a15-37e5-433d-85aa-f67588a2e533,1694.1307,296.94086,1537056000000,79R9GKyaj4
0.0,10152146,com.sec.android.app.shealth,2018-09-27 11:47:05.849,2018-09-17 04:00:01.143,727dc994-bb17-4af0-9339-385ae5f03a5f,1576.8585,632.9541,1537142400000,79R9GKyaj4
0.0,5741802,com.sec.android.app.shealth,2018-09-27 11:47:06.017,2018-09-18 04:00:00.865,b2c5b1ef-ffcc-4d1c-b59c-c5f156073982,1668.0674,377.08704,1537228800000,79R9GKyaj4
0.0,5022995,com.sec.android.app.shealth,2018-09-27 11:47:06.084,2018-09-19 04:00:01.180,9c99b1a6-0553-4939-b5b7-4e7885698dc1,1682.9329,326.29044,1537315200000,79R9GKyaj4
0.0,10232745,com.sec.android.app.shealth,2018-09-27 11:47:06.314,2018-09-20 04:00:01.404,f2573dce-1990-44a5-97d3-c106433ca98a,1575.1917,1019.4824,1537401600000,79R9GKyaj4
0.0,11263120,com.sec.android.app.shealth,2018-09-27 11:47:06.530,2018-09-21 04:00:01.269,63193809-7965-4f12-a81b-22150d7a35a2,1553.8827,776.56024,1537488000000,79R9GKyaj4
0.0,7779803,com.sec.android.app.shealth,2018-09-27 11:47:06.792,2018-09-22 04:00:01.620,8420885a-81d9-4cbe-ae09-7537d15a84ed,1644.7208,539.5182,1537574400000,79R9GKyaj4
0.0,3691864,com.sec.android.app.shealth,2018-09-27 11:47:07.002,2018-09-23 04:00:02.859,5b8bae2f-9d8c-412a-84aa-7b8c5e4c040b,1730.2396,250.70862,1537660800000,79R9GKyaj4
0.0,6730849,com.sec.android.app.shealth,2018-09-27 11:47:07.221,2018-09-24 04:00:00.909,a27c29a3-6fa3-424d-b036-a5c8d933374e,1666.6647,466.61273,1537747200000,79R9GKyaj4
0.0,7022928,com.sec.android.app.shealth,2018-09-27 11:47:07.247,2018-09-25 04:00:01.068,c946e518-4477-449d-b7e3-f48cee556cee,1660.5544,464.8377,1537833600000,79R9GKyaj4
0.0,5130838,com.sec.android.app.shealth,2018-09-27 11:47:07.352,2018-09-26 04:00:01.983,aeacb926-4cc8-4877-8a1a-a65fc01305a9,1700.1366,356.80634,1537920000000,79R9GKyaj4
0.0,6055335,com.sec.android.app.shealth,2018-09-28 04:00:40.105,2018-09-27 04:00:01.650,b06ae963-6fb5-4005-a624-c5cf706ef375,1672.8854,453.89804,1538006400000,79R9GKyaj4
0.0,7502589,com.sec.android.app.shealth,2018-09-29 05:02:48.478,2018-09-28 04:00:01.526,a9deff91-ea4b-480b-aaec-673b2fddaf7b,1642.7515,506.63068,1538092800000,79R9GKyaj4
0.0,6004008,com.sec.android.app.shealth,2018-10-01 03:25:23.370,2018-09-29 04:00:01.426,e7f03f3b-b71a-4c2a-b801-825cc9dbd7a1,1666.0381,405.58997,1538179200000,79R9GKyaj4
0.0,3559102,com.sec.android.app.shealth,2018-10-01 04:00:01.646,2018-09-30 04:00:00.829,d74962c5-0cb3-4633-a173-4a204362d8bb,1716.7036,232.67268,1538265600000,79R9GKyaj4
0.0,5339983,com.sec.android.app.shealth,2018-10-02 04:36:15.595,2018-10-01 04:00:01.003,24b27942-f962-4c42-8d36-ffea34af2817,1679.7986,372.67987,1538352000000,79R9GKyaj4
0.0,10101728,com.sec.android.app.shealth,2018-10-10 15:48:27.358,2018-10-02 04:00:01.472,5e9f1ace-cb5e-4332-a757-581163ef8414,1589.7069,993.3469,1538438400000,79R9GKyaj4
0.0,5945740,com.sec.android.app.shealth,2018-10-04 04:51:51.715,2018-10-03 04:00:01.223,3bde990c-8cc7-4309-8003-053184a0b281,1676.2986,402.9942,1538524800000,79R9GKyaj4
0.0,8049175,com.sec.android.app.shealth,2018-10-05 04:00:02.584,2018-10-04 04:00:00.682,b6c089a5-bde7-4878-8b86-b283f62b1e0e,1632.4727,516.83,1538611200000,79R9GKyaj4
0.0,7025481,com.sec.android.app.shealth,2018-10-10 15:48:27.950,2018-10-05 04:00:01.311,2de35611-04b5-4d58-8bf2-60f47805dd60,1653.8019,452.4409,1538697600000,79R9GKyaj4
0.0,9899996,com.sec.android.app.shealth,2018-10-07 06:49:50.071,2018-10-06 06:00:00.960,d601adc4-0087-4d06-b347-fdc5cbcf0df5,1593.91,670.51526,1538784000000,79R9GKyaj4
0.0,4355245,com.sec.android.app.shealth,2018-10-08 11:37:24.717,2018-10-07 06:49:48.315,73e9982c-4624-4549-8d72-c6ef2cd10d44,1709.4373,286.86996,1538870400000,79R9GKyaj4
0.0,6148876,com.sec.android.app.shealth,2018-10-09 06:48:09.863,2018-10-08 06:40:07.638,76dd5f99-adb6-47b5-b820-90372f61ec21,1672.0662,433.98926,1538956800000,79R9GKyaj4
0.0,3824014,com.sec.android.app.shealth,2018-10-10 15:48:28.781,2018-10-09 06:48:07.985,c458384d-5ce5-4989-954d-3657178f6233,1720.5057,244.59798,1539043200000,79R9GKyaj4
0.0,5892104,com.sec.android.app.shealth,2018-10-11 15:37:17.966,2018-10-10 15:47:57.412,2d209668-77c2-4389-b75e-2af7d0626b45,1677.4163,371.97995,1539129600000,79R9GKyaj4
0.0,8055057,com.sec.android.app.shealth,2018-10-12 06:00:02.675,2018-10-11 06:00:01.320,d452bf09-396f-4be5-a62f-4d0b4284c72b,1632.3502,522.6374,1539216000000,79R9GKyaj4
0.0,12610522,com.sec.android.app.shealth,2018-10-13 08:49:03.572,2018-10-12 06:00:01.175,daa4c164-82ca-4de2-9650-e93a52d49a94,1537.4352,847.5449,1539302400000,79R9GKyaj4
0.0,7557011,com.sec.android.app.shealth,2018-10-14 16:06:17.383,2018-10-13 06:00:01.144,9acf8db0-e0c2-47f3-931c-b52a44f38130,1642.7273,490.80008,1539388800000,79R9GKyaj4
0.0,1812841,com.sec.android.app.shealth,2018-10-15 14:28:05.116,2018-10-14 04:00:01.692,99c237d7-2d91-4569-adc6-e329d71c410c,1762.4094,115.46998,1539475200000,79R9GKyaj4
0.0,6608713,com.sec.android.app.shealth,2018-10-16 05:20:52.297,2018-10-15 04:00:01.619,3f74f3a9-4b09-48c4-b4b8-ee9b4036edae,1662.4854,463.5701,1539561600000,79R9GKyaj4
0.0,9092312,com.sec.android.app.shealth,2018-10-17 04:00:03.446,2018-10-16 04:00:00.628,2a7500c7-af6b-4c35-b7b5-80f4f35d3c50,1610.7385,981.16095,1539648000000,79R9GKyaj4
0.0,6867098,com.sec.android.app.shealth,2018-10-20 20:07:03.948,2018-10-17 04:00:01.578,97632861-2309-4b5f-976d-fd72b45d8e6b,1657.1018,473.88025,1539734400000,79R9GKyaj4
0.0,6212814,com.sec.android.app.shealth,2018-10-19 15:05:58.944,2018-10-18 04:00:01.400,330cb390-52a3-42e9-af39-10bea15cd2c8,1670.734,427.8511,1539820800000,79R9GKyaj4
0.0,6509719,com.sec.android.app.shealth,2018-10-20 04:39:21.113,2018-10-19 04:00:01.160,da5fa45d-1268-4803-9c39-bab709facc4b,1664.548,442.32996,1539907200000,79R9GKyaj4
0.0,8985365,com.sec.android.app.shealth,2018-10-21 04:00:01.739,2018-10-20 04:00:02.420,2da94d9d-f99f-406f-85ec-79ad4f241c28,1612.9668,616.5897,1539993600000,79R9GKyaj4
0.0,4003846,com.sec.android.app.shealth,2018-10-22 04:00:01.569,2018-10-21 04:00:00.707,6fbcf6b1-3276-4719-a95d-5bf7049d6018,1716.7588,257.23993,1540080000000,79R9GKyaj4
0.0,7277489,com.sec.android.app.shealth,2018-10-23 11:44:01.068,2018-10-22 04:00:00.805,dedbe482-7e9f-4502-9c88-9557c515ca68,1648.5511,654.6437,1540166400000,79R9GKyaj4
0.0,9868653,com.sec.android.app.shealth,2018-10-24 04:24:33.629,2018-10-23 04:00:02.210,388a0696-8ca8-4b95-ba35-8854630e2f8f,1594.5631,1000.7242,1540252800000,79R9GKyaj4
0.0,6243673,com.sec.android.app.shealth,2018-10-25 04:23:17.022,2018-10-24 04:00:01.021,ba22b2f2-4ecf-4729-b052-0d1a375e7c8f,1673.4742,411.47354,1540339200000,79R9GKyaj4
0.0,7465302,com.sec.android.app.shealth,2018-10-27 04:28:57.811,2018-10-25 04:00:01.196,870aa6de-8747-421e-a800-534e43594133,1650.1898,511.9532,1540425600000,79R9GKyaj4
0.0,9694292,com.sec.android.app.shealth,2018-10-27 04:28:58.151,2018-10-26 04:00:00.933,83415355-63e8-4b72-94e3-b4b8c6872c23,1603.5912,638.3994,1540512000000,79R9GKyaj4
0.0,5355195,com.sec.android.app.shealth,2018-10-28 06:03:46.951,2018-10-27 04:00:01.184,4e51b946-3cb6-46e5-a84e-4651f50c8c0d,1694.3033,353.13004,1540598400000,79R9GKyaj4
0.0,3629903,com.sec.android.app.shealth,2018-10-30 02:19:29.252,2018-10-28 04:00:00.765,c7b85f4e-c18c-4b50-9f40-0b4797e8a7aa,1730.3717,236.31995,1540684800000,79R9GKyaj4
0.0,9950503,com.sec.android.app.shealth,2018-10-30 04:00:03.053,2018-10-29 04:00:01.374,022320b7-08fa-4ac3-b492-d866c9e94cf2,1608.9886,1017.64404,1540771200000,79R9GKyaj4
0.0,9562002,com.sec.android.app.shealth,2018-10-31 04:56:59.379,2018-10-30 04:00:01.929,b1c35c12-6ef4-478b-98f8-4b29295c1802,1617.1653,760.12915,1540857600000,79R9GKyaj4
0.0,6292702,com.sec.android.app.shealth,2018-11-01 04:00:01.617,2018-10-31 04:00:00.848,40d70c46-41b2-4496-a95c-52a6f548ef75,1685.9723,415.9323,1540944000000,79R9GKyaj4
0.0,7498987,com.sec.android.app.shealth,2018-11-02 04:00:01.822,2018-11-01 04:00:00.800,117e0c54-6c86-41d3-be6c-0f59c8f91b5e,1660.5844,493.37274,1541030400000,79R9GKyaj4
0.0,8476459,com.sec.android.app.shealth,2018-11-03 13:53:18.790,2018-11-02 04:00:01.008,2b43c061-c4f5-4af8-838e-f788a0d490e0,1640.0121,562.5787,1541116800000,79R9GKyaj4
0.0,4872101,com.sec.android.app.shealth,2018-11-04 04:00:01.897,2018-11-03 04:00:01.148,c4f44ea6-1642-4214-8166-1d8f25dd6c45,1715.8708,339.95804,1541203200000,79R9GKyaj4
0.0,8861339,com.sec.android.app.shealth,2018-11-05 05:00:43.030,2018-11-04 04:00:01.278,9fed0800-78a0-4cce-9e96-7546462b3aac,1631.9117,595.66846,1541289600000,79R9GKyaj4
0.0,5667297,com.sec.android.app.shealth,2018-11-06 05:22:00.281,2018-11-05 05:00:01.163,ba29c0f2-3ef7-4af2-9c12-e7bdf4157737,1699.1349,394.08423,1541376000000,79R9GKyaj4
0.0,4806531,com.sec.android.app.shealth,2018-11-07 05:08:37.450,2018-11-06 05:00:01.218,41cb1a39-ddc9-4c7f-8250-88af429d77b1,1717.251,338.1106,1541462400000,79R9GKyaj4
0.0,6428998,com.sec.android.app.shealth,2018-11-08 06:29:09.313,2018-11-07 05:00:01.348,f22d70fc-8cce-4095-b416-7c439abb340e,1683.1038,449.5882,1541548800000,79R9GKyaj4
0.0,9381286,com.sec.android.app.shealth,2018-11-09 05:09:53.587,2018-11-08 05:00:00.998,de36a867-de90-4f45-b01f-e8e20224dfa6,1598.2174,997.8949,1541635200000,79R9GKyaj4
0.0,7563431,com.sec.android.app.shealth,2018-11-10 05:54:13.227,2018-11-09 05:00:01.932,28efbc19-ef14-46a3-99e8-c4b32012012e,1635.9398,531.18713,1541721600000,79R9GKyaj4
0.0,3678866,com.sec.android.app.shealth,2018-11-11 05:00:02.125,2018-11-10 05:00:01.974,b10bd9ee-33eb-4722-bdef-04b98b2db5e5,1716.5486,230.98798,1541808000000,79R9GKyaj4
0.0,6427043,com.sec.android.app.shealth,2018-11-12 20:10:22.125,2018-11-11 05:00:01.171,08f0ebe7-7744-496d-8f80-32235748e214,1659.5211,426.57098,1541894400000,79R9GKyaj4
0.0,4601253,com.sec.android.app.shealth,2018-11-13 06:56:54.424,2018-11-12 05:00:00.887,e92098ca-289e-47f5-8ed3-c4984cdadbfe,1697.408,310.2208,1541980800000,79R9GKyaj4
0.0,10874325,com.sec.android.app.shealth,2018-11-14 06:06:52.324,2018-11-13 05:00:01.152,0af5d3f2-612a-4291-81ce-1965fb130ca1,1567.2354,1102.3208,1542067200000,79R9GKyaj4
0.0,6793702,com.sec.android.app.shealth,2018-11-15 05:00:03.103,2018-11-14 05:00:01.406,d43b308b-0ab7-47b3-8aca-e1295661584c,1651.9125,464.85873,1542153600000,79R9GKyaj4
0.0,912453,com.sec.android.app.shealth,2018-11-17 13:56:15.536,2018-11-15 05:00:01.600,d7f114a5-afcd-4508-96ae-36973a6b325a,1773.9543,60.380013,1542240000000,79R9GKyaj4
0.0,1211937,com.sec.android.app.shealth,2018-11-17 13:56:16.414,2018-11-16 05:00:00.909,f4fbc5a8-6a54-4864-ae6a-0d190e76ee3d,1767.7399,76.76001,1542326400000,79R9GKyaj4
0.0,9901042,com.sec.android.app.shealth,2018-11-19 03:58:10.038,2018-11-17 05:46:41.609,c5947e21-ab93-414a-92f6-4a4c11fbb083,1587.432,669.91113,1542412800000,79R9GKyaj4
0.0,5838576,com.sec.android.app.shealth,2018-11-19 09:01:53.269,2018-11-18 05:00:01.148,2613e036-da08-4e2f-b098-fe63d876319b,1671.7323,378.51996,1542499200000,79R9GKyaj4
0.0,2790358,com.sec.android.app.shealth,2018-11-20 07:00:03.882,2018-11-19 07:00:01.366,12dd680e-4ba8-4f94-b6ed-cd309788e47c,1734.986,187.90001,1542585600000,79R9GKyaj4
0.0,3782186,com.sec.android.app.shealth,2018-11-21 07:00:03.760,2018-11-20 07:00:01.620,f930fa03-29b6-47c9-9d0f-5ae40f470185,1714.4045,256.29,1542672000000,79R9GKyaj4
0.0,1827081,com.sec.android.app.shealth,2018-11-22 07:00:03.666,2018-11-21 07:00:01.780,e800994e-b9f6-4fc7-b016-5bb5f3507a1d,1754.975,128.15099,1542758400000,79R9GKyaj4
0.0,2485548,com.sec.android.app.shealth,2018-11-23 07:00:02.735,2018-11-22 07:00:01.804,c7db3750-24b8-4d11-8843-a12913ac9e5f,1741.311,155.22101,1542844800000,79R9GKyaj4
0.0,3606778,com.sec.android.app.shealth,2018-11-24 07:00:03.337,2018-11-23 07:00:01.352,0467d7fa-ada6-4ff9-bd33-2c40aa8e83a8,1718.0444,286.90997,1542931200000,79R9GKyaj4
0.0,2431369,com.sec.android.app.shealth,2018-11-25 14:42:26.501,2018-11-24 07:00:01.815,8a3e01af-9cf0-4675-aca8-a0873511cfee,1742.4354,168.12001,1543017600000,79R9GKyaj4
0.0,3781669,com.sec.android.app.shealth,2018-11-26 05:29:57.998,2018-11-25 07:00:01.223,8dbb74c4-2cef-4efe-a425-995fe8ce1c77,1714.4152,240.40994,1543104000000,79R9GKyaj4
0.0,7858710,com.sec.android.app.shealth,2018-11-27 05:00:02.203,2018-11-26 05:00:19.172,24fcb5d9-de61-494e-b4dd-67c269c4caa4,1629.8124,558.5967,1543190400000,79R9GKyaj4
0.0,6591156,com.sec.android.app.shealth,2018-11-28 21:24:32.333,2018-11-27 05:00:01.058,b8256757-6d22-47aa-adaa-bc0e4cad1abc,1656.1156,449.242,1543276800000,79R9GKyaj4
0.0,6069960,com.sec.android.app.shealth,2018-11-29 05:00:01.272,2018-11-28 05:00:01.001,13c76cd1-13f7-4fc1-ac79-886365ce4ccb,1666.9309,414.49887,1543363200000,79R9GKyaj4
0.0,3913492,com.sec.android.app.shealth,2018-11-30 05:11:54.065,2018-11-29 05:00:00.580,67515942-d9c1-46b9-a18b-295f2e6080f2,1711.6799,251.95255,1543449600000,79R9GKyaj4
0.0,5014288,com.sec.android.app.shealth,2018-12-01 05:16:50.528,2018-11-30 05:00:01.741,3e0f7bf2-ce5d-42e1-b461-1ce93f42c345,1688.8372,333.24005,1543536000000,79R9GKyaj4
0.0,2996472,com.sec.android.app.shealth,2018-12-03 04:58:54.649,2018-12-01 05:16:48.355,f6f017af-3026-4fdc-8034-eea5f51391f4,1730.7089,182.69995,1543622400000,79R9GKyaj4
0.0,1630902,com.sec.android.app.shealth,2018-12-03 05:00:04.156,2018-12-02 05:00:01.446,da09c7a4-bdd6-4c87-a221-8487258175c9,1759.0459,109.44999,1543708800000,79R9GKyaj4
0.0,9674379,com.sec.android.app.shealth,2018-12-04 05:00:03.671,2018-12-03 05:00:01.744,a9db5e6f-a69e-40b6-b316-8a9e67948b9d,1592.1355,997.58386,1543795200000,79R9GKyaj4
0.0,4906838,com.sec.android.app.shealth,2018-12-05 05:00:02.370,2018-12-04 05:00:01.704,ba5aa3c0-d957-4e34-99ac-39dbb7191bcc,1684.189,317.4198,1543881600000,79R9GKyaj4
0.0,5655308,com.sec.android.app.shealth,2019-01-01 06:14:37.410,2018-12-05 05:00:01.171,ff541bd9-b30c-47bf-81b7-dd8692f63d71,1663.4152,385.40036,1543968000000,79R9GKyaj4
0.0,7636022,com.sec.android.app.shealth,2019-01-01 06:14:37.780,2018-12-06 05:00:01.261,8e1230c7-3c37-4942-b329-e2792ecb5643,1622.6107,669.25195,1544054400000,79R9GKyaj4
0.0,8308665,com.sec.android.app.shealth,2019-01-01 06:14:37.835,2018-12-07 05:00:01.474,7f34f840-460d-4b60-96fd-df23e2715827,1608.7537,543.2798,1544140800000,79R9GKyaj4
0.0,3336597,com.sec.android.app.shealth,2019-01-01 06:14:38.305,2018-12-08 05:00:00.675,1ad85e2c-b4e6-4e6d-9233-3c0d44b0a225,1711.1829,206.41003,1544227200000,79R9GKyaj4
0.0,3409311,com.sec.android.app.shealth,2019-01-01 06:14:38.598,2018-12-09 05:00:01.316,423bc7a5-d89f-48d7-9d76-ac6701c913db,1709.6849,216.88,1544313600000,79R9GKyaj4
0.0,6306901,com.sec.android.app.shealth,2019-01-01 06:14:39.076,2018-12-10 05:00:01.543,21167584-fd63-485c-b24a-e013f2b8f531,1649.9918,436.18225,1544400000000,79R9GKyaj4
0.0,6894063,com.sec.android.app.shealth,2019-01-01 06:14:39.363,2018-12-11 05:00:02.566,b526e0c7-e237-4e9f-9f7d-d7c582636e1f,1637.8958,707.7638,1544486400000,79R9GKyaj4
0.0,5389307,com.sec.android.app.shealth,2019-01-01 06:14:39.376,2018-12-12 05:00:01.506,6bd6795a-cd28-43c0-bd32-01031500002a,1668.8953,373.05994,1544572800000,79R9GKyaj4
0.0,4977288,com.sec.android.app.shealth,2019-01-09 15:59:54.607,2018-12-13 05:00:01.269,57ecefc1-0d53-474a-8413-effaf58509e1,1677.3832,335.10175,1544659200000,79R9GKyaj4
0.0,5769223,com.sec.android.app.shealth,2019-01-09 15:59:54.718,2018-12-14 05:00:00.739,b4d6b62e-26a3-47d5-9660-e8302c847186,1661.0685,382.70306,1544745600000,79R9GKyaj4
0.0,8806506,com.sec.android.app.shealth,2019-01-09 15:59:55.100,2018-12-15 05:00:01.084,f9e05220-5c44-4f14-bd1d-59ad44e08be2,1598.4978,651.73975,1544832000000,79R9GKyaj4
0.0,2776228,com.sec.android.app.shealth,2019-01-09 15:59:55.664,2018-12-16 05:00:01.466,04129965-6307-44fe-a893-5bb681ff77a2,1722.727,184.951,1544918400000,79R9GKyaj4
0.0,9564584,com.sec.android.app.shealth,2019-01-09 15:59:56.031,2018-12-17 05:00:01.076,b8e78557-a2a1-4249-aaab-27a20f9625d1,1593.6888,695.87805,1545004800000,79R9GKyaj4
0.0,9518067,com.sec.android.app.shealth,2019-01-09 15:59:56.198,2018-12-18 05:00:01.564,32b517be-43ee-4503-809a-aecb5e6fd6fe,1588.1652,822.0314,1545091200000,79R9GKyaj4
0.0,8835777,com.sec.android.app.shealth,2019-01-09 15:59:56.367,2018-12-19 05:00:01.192,51f9aa1b-0cf9-4798-ae25-08696008284d,1603.3501,599.6211,1545177600000,79R9GKyaj4
0.0,8662243,com.sec.android.app.shealth,2019-01-09 15:59:56.741,2018-12-20 05:00:01.852,ee7aef76-5cab-4677-bf11-e17df99cd67b,1606.9373,580.9799,1545264000000,79R9GKyaj4
0.0,5862002,com.sec.android.app.shealth,2019-01-09 15:59:57.036,2018-12-21 05:00:01.319,0a42070a-4ba4-4873-b002-e66ca6a1896e,1664.8218,405.19992,1545350400000,79R9GKyaj4
0.0,6082472,com.sec.android.app.shealth,2019-01-09 15:59:57.181,2018-12-22 05:00:00.910,af7eda29-1a80-4fb2-be37-2b6a30c58fd3,1660.2643,382.44992,1545436800000,79R9GKyaj4
0.0,4339856,com.sec.android.app.shealth,2019-01-09 15:59:57.299,2018-12-23 07:00:01.135,e40331bb-5025-4ddd-af37-2ae5b8058f45,1696.2864,282.2099,1545523200000,79R9GKyaj4
0.0,4045137,com.sec.android.app.shealth,2019-01-09 15:59:57.554,2018-12-24 07:00:01.538,b49b86c9-c5f4-468f-ba82-a9492352e732,1702.3787,248.62996,1545609600000,79R9GKyaj4
0.0,4913944,com.sec.android.app.shealth,2019-01-09 15:59:58.009,2018-12-25 07:00:01.099,a2c54b2b-90e0-4f6b-b530-649abd980540,1684.4192,316.68994,1545696000000,79R9GKyaj4
0.0,3665990,com.sec.android.app.shealth,2019-01-09 15:59:58.440,2018-12-26 07:00:02.019,43f553b6-86df-4372-bcaa-3364ad973350,1710.216,248.78001,1545782400000,79R9GKyaj4
0.0,2717459,com.sec.android.app.shealth,2019-01-09 15:59:58.792,2018-12-27 07:00:01.132,72faa226-0a1d-4bb5-9724-e9d7744b7467,1729.8234,171.18,1545868800000,79R9GKyaj4
0.0,4935590,com.sec.android.app.shealth,2019-01-09 15:59:59.166,2018-12-28 07:00:01.441,049b080e-8c9c-4157-8b50-94cca764e0ad,1683.9718,336.419,1545955200000,79R9GKyaj4
0.0,3774323,com.sec.android.app.shealth,2019-01-09 15:59:59.732,2018-12-29 05:00:05.918,a5edfa6f-b10d-4bec-a652-758cace2b0aa,1747.4933,240.481,1546041600000,79R9GKyaj4
0.0,712053,com.sec.android.app.shealth,2019-01-09 16:00:00.044,2018-12-30 05:14:37.815,efc39468-dbbe-48f0-8b03-62380a54b33b,1812.2587,51.229996,1546128000000,79R9GKyaj4
0.0,3833575,com.sec.android.app.shealth,2019-01-09 16:00:00.226,2018-12-31 05:51:58.393,7e82929a-19c2-4727-9caf-bcd9546a641e,1746.24,269.92,1546214400000,79R9GKyaj4
0.0,901513,com.sec.android.app.shealth,2019-01-09 16:00:00.560,2019-01-01 05:00:01.868,88e8c1d0-9621-46aa-ae72-6eafedc088a3,1808.2517,62.389996,1546300800000,79R9GKyaj4
0.0,7529653,com.sec.android.app.shealth,2019-01-09 16:00:00.999,2019-01-02 05:00:01.627,ee7b2c12-31b3-43b4-bc0f-41b192d69404,1668.0697,590.8788,1546387200000,79R9GKyaj4
0.0,9881169,com.sec.android.app.shealth,2019-01-09 16:00:01.335,2019-01-03 05:00:01.079,d3a0c5a9-53e9-4149-9464-f93940eed77b,1618.3363,861.12756,1546473600000,79R9GKyaj4
0.0,8275712,com.sec.android.app.shealth,2019-01-09 16:00:01.606,2019-01-04 05:33:35.712,5af0abd8-6851-427d-b7d8-f4aee9ae941c,1652.291,581.617,1546560000000,79R9GKyaj4
0.0,5118754,com.sec.android.app.shealth,2019-01-09 16:00:02.060,2019-01-05 05:00:01.339,f82deff5-561f-468f-beab-4957e3bc4437,1719.0592,428.74332,1546646400000,79R9GKyaj4
0.0,1127763,com.sec.android.app.shealth,2019-01-09 16:00:02.695,2019-01-06 05:00:01.015,fbca04a6-a851-4014-bbb0-9d0398ea5596,1803.4667,69.86001,1546732800000,79R9GKyaj4
0.0,10561848,com.sec.android.app.shealth,2019-01-09 16:00:03.232,2019-01-07 05:31:27.674,fea7ba8a-ecdc-4bce-9dd9-ef21085b2343,1603.9403,787.4511,1546819200000,79R9GKyaj4
0.0,5969424,com.sec.android.app.shealth,2019-01-09 16:01:08.687,2019-01-08 05:00:02.040,fdda2ed4-6b74-41a5-aa2f-82d9986ac955,1684.0969,414.6385,1546905600000,79R9GKyaj4
0.0,6855970,com.sec.android.app.shealth,2019-01-10 06:36:26.686,2019-01-09 05:00:14.578,013d2ad7-37c3-44ea-b3c5-a80fa212b74b,1657.1432,454.57327,1546992000000,79R9GKyaj4
0.0,11203539,com.sec.android.app.shealth,2019-01-11 05:00:03.778,2019-01-10 05:00:01.210,0f3f5e14-aba0-4b31-a8cc-f08f07321d25,1566.5702,785.7568,1547078400000,79R9GKyaj4
0.0,7215490,com.sec.android.app.shealth,2019-01-12 05:00:02.505,2019-01-11 05:00:01.659,20fee6b5-17bf-4545-95b4-cb7772441b76,1649.6533,492.26913,1547164800000,79R9GKyaj4
0.0,5998808,com.sec.android.app.shealth,2019-01-15 00:17:54.566,2019-01-12 05:00:01.392,7de6e9c2-1c45-47ff-99cc-506076ddce72,1675.0004,725.0353,1547251200000,79R9GKyaj4
0.0,1837585,com.sec.android.app.shealth,2019-01-15 00:17:55.268,2019-01-13 05:00:02.147,85419838-6ee7-4ad0-97b6-b0294d7b00b1,1761.6913,112.450005,1547337600000,79R9GKyaj4
0.0,9275435,com.sec.android.app.shealth,2019-01-15 05:00:02.938,2019-01-14 05:00:01.301,b274ecad-45bd-4fab-9362-2996415a4a5b,1606.7384,681.3708,1547424000000,79R9GKyaj4
0.0,9161812,com.sec.android.app.shealth,2019-01-16 05:00:03.517,2019-01-15 05:00:01.110,aea346b6-8a4b-4415-80f4-7fcccc01c14a,1609.1055,608.3642,1547510400000,79R9GKyaj4
0.0,5890443,com.sec.android.app.shealth,2019-01-17 06:19:29.177,2019-01-16 05:00:01.445,b45474d4-5131-4a35-b866-4968ce4c5880,1677.258,400.02322,1547596800000,79R9GKyaj4
0.0,11014762,com.sec.android.app.shealth,2019-01-18 05:00:03.811,2019-01-17 05:00:01.143,800ae5d0-a336-4c11-9641-abee2e1fca56,1570.5029,821.8202,1547683200000,79R9GKyaj4
0.0,6322884,com.sec.android.app.shealth,2019-01-19 05:00:04.499,2019-01-18 05:00:01.738,0c2b6715-df12-487d-965c-7aa78d9bdfd0,1684.0181,430.5706,1547769600000,79R9GKyaj4
0.0,5852708,com.sec.android.app.shealth,2019-01-20 05:21:09.565,2019-01-19 05:00:02.307,7e72c13f-2d2c-4c89-bd4c-6cc5e2630bb4,1699.0042,470.37933,1547856000000,79R9GKyaj4
0.0,1616538,com.sec.android.app.shealth,2019-01-21 05:11:08.373,2019-01-20 05:00:01.384,519bd995-51cd-47f4-ad36-0469eaf6faf2,1788.3586,103.00998,1547942400000,79R9GKyaj4
0.0,1427216,com.sec.android.app.shealth,2019-01-22 05:00:04.214,2019-01-21 05:00:02.078,06e087d5-acdc-4d59-91f5-9f048af790ac,1792.352,89.030014,1548028800000,79R9GKyaj4
0.0,10219413,com.sec.android.app.shealth,2019-01-23 11:16:43.842,2019-01-22 05:00:01.963,a4919d83-0a55-4f0d-bded-7fe730c02801,1606.896,796.869,1548115200000,79R9GKyaj4
0.0,5580794,com.sec.android.app.shealth,2019-01-24 05:14:56.918,2019-01-23 05:00:01.297,fac4548b-b0a7-47d7-bbb9-0323c81ae153,1707.014,379.1086,1548201600000,79R9GKyaj4
0.0,8975132,com.sec.android.app.shealth,2019-01-25 05:00:03.522,2019-01-24 05:00:01.196,145b4e2e-5dce-4f03-882d-4c43e5bade28,1635.3208,894.8142,1548288000000,79R9GKyaj4
0.0,8090713,com.sec.android.app.shealth,2019-01-27 01:21:15.293,2019-01-25 05:00:01.524,d9e1b44d-15f0-4ce1-9ebf-929c351a406e,1654.001,562.5694,1548374400000,79R9GKyaj4
0.0,10938123,com.sec.android.app.shealth,2019-01-27 09:05:16.082,2019-01-26 05:00:03.060,cbbf3d9b-3c99-4614-8df6-23a95daba5df,1593.8599,707.83545,1548460800000,79R9GKyaj4
0.0,4889234,com.sec.android.app.shealth,2019-01-28 05:00:03.266,2019-01-27 05:00:01.716,89550d2e-bb2b-4be6-ad69-08aa94922a9a,1721.6207,321.08206,1548547200000,79R9GKyaj4
0.0,10393921,com.sec.android.app.shealth,2019-01-30 12:10:54.387,2019-01-28 05:00:01.250,7188769e-b172-4f40-bd70-1343bbb1e51b,1605.3541,802.4512,1548633600000,79R9GKyaj4
0.0,5715752,com.sec.android.app.shealth,2019-01-30 12:11:09.302,2019-01-29 05:00:01.256,248511f4-d2ca-422f-b327-5f829deef3d0,1704.1635,399.39755,1548720000000,79R9GKyaj4
0.0,6888733,com.sec.android.app.shealth,2019-01-31 05:23:19.640,2019-01-30 05:00:01.203,8bc924f5-33da-4bfe-adff-696a4b1a554f,1684.4211,465.20334,1548806400000,79R9GKyaj4
0.0,1348672,com.sec.android.app.shealth,2019-02-01 05:00:03.546,2019-01-31 05:23:16.417,37621467-5cf6-4b7d-a4b1-b0db6cfacb45,1801.7856,88.28997,1548892800000,79R9GKyaj4
0.0,10524819,com.sec.android.app.shealth,2019-02-02 17:04:37.195,2019-02-01 05:00:01.437,855f82f5-2246-42c6-8baa-f1213385271d,1607.392,1042.2194,1548979200000,79R9GKyaj4
0.0,5121938,com.sec.android.app.shealth,2019-02-03 14:26:04.108,2019-02-02 05:00:01.314,1beb2e96-af17-494c-b346-b586883b2818,1721.8502,426.80005,1549065600000,79R9GKyaj4
0.0,1965643,com.sec.android.app.shealth,2019-02-04 05:24:00.996,2019-02-03 05:21:23.118,df005181-a296-4ff5-a589-148a7a6e4743,1788.7153,129.63998,1549152000000,79R9GKyaj4
0.0,11542222,com.sec.android.app.shealth,2019-02-05 12:15:29.380,2019-02-04 05:00:01.388,4ed3d703-9535-4005-ba38-987c5314300f,1585.8384,874.93884,1549238400000,79R9GKyaj4
0.0,9194914,com.sec.android.app.shealth,2019-02-06 05:00:02.705,2019-02-05 05:00:01.219,8a9379a5-ea54-4cab-a521-cd51ede095af,1633.9363,615.1338,1549324800000,79R9GKyaj4
0.0,8244381,com.sec.android.app.shealth,2019-02-07 05:11:17.801,2019-02-06 05:00:01.240,aca0611b-5e2f-4644-84dd-6f643e491949,1654.0529,595.4941,1549411200000,79R9GKyaj4
0.0,7313046,com.sec.android.app.shealth,2019-02-08 05:00:02.184,2019-02-07 05:00:01.212,d8d691c4-3861-4da5-ba29-16cc546df024,1673.7633,573.4099,1549497600000,79R9GKyaj4
0.0,6071775,com.sec.android.app.shealth,2019-02-09 13:54:07.975,2019-02-08 05:00:01.001,4028bb31-6e49-4788-a0bc-751ce8617ad6,1696.6438,406.75232,1549584000000,79R9GKyaj4
0.0,5722588,com.sec.android.app.shealth,2019-03-09 04:34:25.370,2019-02-09 05:00:01.645,0eedf063-3ff9-408c-9456-23367113232f,1704.019,614.3408,1549670400000,79R9GKyaj4
0.0,5068459,com.sec.android.app.shealth,2019-03-09 12:24:56.410,2019-02-10 05:00:01.822,694432e9-e676-4e88-a81a-d7bdc9a41e1d,1717.8353,335.90112,1549756800000,79R9GKyaj4
0.0,9120459,com.sec.android.app.shealth,2019-03-09 12:24:56.560,2019-02-11 05:00:04.481,cdf373db-8902-44b9-b7d9-045c284278c8,1632.2513,923.509,1549843200000,79R9GKyaj4
0.0,3435158,com.sec.android.app.shealth,2019-03-09 12:24:56.609,2019-02-12 05:00:01.293,0f552bc8-4b7b-4be0-8226-f467736ab7e3,1757.0012,243.17003,1549929600000,79R9GKyaj4
0.0,5787044,com.sec.android.app.shealth,2019-03-09 12:24:57.149,2019-02-13 05:00:01.126,5eea479b-8f38-4d73-94b3-778af5d3975f,1707.1938,383.22092,1550016000000,79R9GKyaj4
0.0,7167938,com.sec.android.app.shealth,2019-03-09 12:24:57.654,2019-02-14 05:00:02.989,c27c5b2c-08d6-4170-a2b3-8d481e8deaa4,1685.7511,551.23376,1550102400000,79R9GKyaj4
0.0,5152405,com.sec.android.app.shealth,2019-03-09 12:24:58.074,2019-02-15 05:00:01.332,22d81fad-f30c-4e76-834b-ceb697d847bb,1728.6337,349.91254,1550188800000,79R9GKyaj4
0.0,4730640,com.sec.android.app.shealth,2019-03-09 12:24:58.487,2019-02-16 05:00:02.286,f744b08f-19ac-4ee1-a547-2bc888087b9c,1737.6073,332.8126,1550275200000,79R9GKyaj4
0.0,2986512,com.sec.android.app.shealth,2019-03-09 12:24:58.613,2019-02-17 06:45:27.248,96686d79-0a49-482d-b995-1ae8952e2fd7,1774.7156,223.77997,1550361600000,79R9GKyaj4
0.0,8357971,com.sec.android.app.shealth,2019-03-09 12:24:59.590,2019-02-18 05:00:01.423,fcdb71ba-0c0d-43c2-a479-1ccdc9711b16,1660.4319,621.1967,1550448000000,79R9GKyaj4
0.0,8889816,com.sec.android.app.shealth,2019-03-09 12:24:59.710,2019-02-19 05:00:01.404,1c2b124d-f229-4b94-9fce-6cc1b6e24e0f,1637.1228,862.9873,1550534400000,79R9GKyaj4
0.0,8309820,com.sec.android.app.shealth,2019-03-09 12:25:00.002,2019-02-20 05:00:02.049,6c0212cf-5bfc-4dcc-92b8-35d27f5307f0,1649.373,792.45996,1550620800000,79R9GKyaj4
0.0,7892128,com.sec.android.app.shealth,2019-03-09 12:25:00.013,2019-02-21 05:00:01.306,a49e294b-b2b7-4704-bdc5-162eb9bc93ca,1658.1954,571.4659,1550707200000,79R9GKyaj4
0.0,6737675,com.sec.android.app.shealth,2019-03-09 12:25:00.051,2019-02-22 05:00:00.814,ea54fe17-b22a-486e-a277-0716f8b926bc,1689.3024,438.96747,1550793600000,79R9GKyaj4
0.0,5862377,com.sec.android.app.shealth,2019-03-09 12:25:00.075,2019-02-23 05:00:01.261,791ab179-7e97-42ba-9d91-409e271ed426,1707.2968,396.18628,1550880000000,79R9GKyaj4
0.0,1186593,com.sec.android.app.shealth,2019-03-09 12:25:00.092,2019-02-24 05:00:01.607,6766bf4a-ebbf-4e38-84ed-5da4fbc31aeb,1806.4176,76.06899,1550966400000,79R9GKyaj4
0.0,7650775,com.sec.android.app.shealth,2019-03-09 12:25:00.122,2019-02-25 05:00:01.804,74e700ed-727a-4a61-8a32-0ea05feb0e29,1667.7244,573.25964,1551052800000,79R9GKyaj4
0.0,9190363,com.sec.android.app.shealth,2019-03-09 12:25:00.155,2019-02-26 05:00:01.260,78cd0d30-569b-435d-8de4-dd06a42f1c27,1635.1195,910.39844,1551139200000,79R9GKyaj4
0.0,7808597,com.sec.android.app.shealth,2019-03-09 12:25:00.874,2019-02-27 05:00:01.266,fc29d61d-e523-41c0-b4ef-1e8116329d77,1658.3011,548.87317,1551225600000,79R9GKyaj4
0.0,8015539,com.sec.android.app.shealth,2019-03-09 12:25:01.357,2019-02-28 05:00:01.828,08448ea6-c354-4b87-9607-3a04f64d2e13,1653.9348,825.5719,1551312000000,79R9GKyaj4
0.0,7573221,com.sec.android.app.shealth,2019-03-09 12:25:01.524,2019-03-01 05:00:01.315,1eda5844-3b57-45e8-b6b7-99092d9eb7e8,1662.7128,572.79297,1551398400000,79R9GKyaj4
0.0,6062677,com.sec.android.app.shealth,2019-03-09 12:25:01.679,2019-03-02 05:00:01.539,e098eed0-8937-459e-967e-64da73644c0e,1694.5751,455.36212,1551484800000,79R9GKyaj4
0.0,2611808,com.sec.android.app.shealth,2019-03-09 12:25:01.701,2019-03-03 05:21:29.220,bac1554c-b933-41d4-a4cf-c73f6484ca5c,1767.3651,160.24,1551571200000,79R9GKyaj4
0.0,9034821,com.sec.android.app.shealth,2019-03-09 12:25:01.877,2019-03-04 05:00:01.625,c9a621a5-9e29-4988-8d0a-84586504cde0,1631.8829,633.01514,1551657600000,79R9GKyaj4
0.0,7736944,com.sec.android.app.shealth,2019-03-09 12:25:02.078,2019-03-05 05:00:01.212,21c2ed32-3344-4ad6-9d8d-63c6084ba29f,1659.2594,814.45465,1551744000000,79R9GKyaj4
0.0,7033019,com.sec.android.app.shealth,2019-03-09 12:25:02.656,2019-03-06 05:00:01.660,fc32ee4c-aa66-47cd-a71e-55962650a64f,1674.1075,513.31494,1551830400000,79R9GKyaj4
0.0,7041000,com.sec.android.app.shealth,2019-03-09 12:25:03.122,2019-03-07 05:00:01.798,7ee95dbb-33b5-4ad5-a5c3-5066c2bc0839,1673.9391,462.85913,1551916800000,79R9GKyaj4
0.0,5393371,com.sec.android.app.shealth,2019-03-09 12:25:08.647,2019-03-08 05:00:01.372,7e09e146-7188-4f94-bbc4-2d9c07b80d37,1708.693,369.6374,1552003200000,79R9GKyaj4
0.0,6532762,com.sec.android.app.shealth,2019-03-11 12:06:58.270,2019-03-09 05:00:11.942,2da90c44-57ad-4137-8a9f-48891887fdc5,1684.6595,488.55768,1552089600000,79R9GKyaj4
0.0,3357360,com.sec.android.app.shealth,2019-04-06 13:01:12.086,2019-03-10 05:32:51.394,667c0509-21fb-4221-a0ee-d23fc230480e,1751.639,222.89993,1552176000000,79R9GKyaj4
0.0,6527708,com.sec.android.app.shealth,2019-04-06 13:01:13.196,2019-03-11 04:00:01.475,db71ac0b-de99-4ea2-a622-da2476cc1a54,1684.766,442.32855,1552262400000,79R9GKyaj4
0.0,7881432,com.sec.android.app.shealth,2019-04-06 13:01:14.400,2019-03-12 04:00:02.552,8d25f532-0f75-4546-b638-19aae1379d16,1656.2117,542.05194,1552348800000,79R9GKyaj4
0.0,6112315,com.sec.android.app.shealth,2019-04-06 13:01:15.180,2019-03-13 04:00:04.368,7388360f-afee-43cd-bfdb-3d59b3b9da54,1693.5282,437.4297,1552435200000,79R9GKyaj4
0.0,6168770,com.sec.android.app.shealth,2019-04-06 13:01:20.415,2019-03-19 11:03:03.327,5a85411b-c161-4ce1-9f3e-0451aeb456f1,1692.3373,443.42737,1552953600000,79R9GKyaj4
0.0,6431211,com.sec.android.app.shealth,2019-04-06 13:01:15.569,2019-03-19 11:04:18.794,f93d1e23-6f11-48d9-832d-2010a567921b,1686.8016,461.58786,1552521600000,79R9GKyaj4
0.0,8215333,com.sec.android.app.shealth,2019-04-06 13:01:16.784,2019-03-19 11:04:18.827,489bbe7a-fe6d-406e-8702-92b985f239e6,1649.1686,537.708,1552608000000,79R9GKyaj4
0.0,1917475,com.sec.android.app.shealth,2019-04-06 13:01:17.528,2019-03-19 11:04:19.264,417bbb09-f455-48f3-868a-b1bd10774ec8,1782.011,118.51002,1552694400000,79R9GKyaj4
0.0,1526228,com.sec.android.app.shealth,2019-04-06 13:01:17.572,2019-03-19 11:04:19.308,5dd84687-0683-4c42-97bd-7f126503d190,1790.2637,91.74001,1552780800000,79R9GKyaj4
0.0,6610025,com.sec.android.app.shealth,2019-04-06 13:01:18.492,2019-03-19 11:04:19.896,338f2ae8-d12a-469a-a203-a4cae57865f3,1683.0298,487.1058,1552867200000,79R9GKyaj4
0.0,8228991,com.sec.android.app.shealth,2019-04-06 13:01:21.233,2019-03-20 04:00:01.479,4d715fa1-3c0a-438c-847a-cbe677f292d8,1648.8805,567.93933,1553040000000,79R9GKyaj4
0.0,9566908,com.sec.android.app.shealth,2019-04-06 13:01:22.007,2019-03-21 04:44:09.179,4b93f370-7032-4afa-bf8f-ab12162d64de,1606.6097,654.5406,1553126400000,79R9GKyaj4
0.0,5526610,com.sec.android.app.shealth,2019-04-06 13:01:22.851,2019-03-22 04:00:01.318,67d1e635-6c5e-46f2-a3d7-142937834592,1691.0941,381.09885,1553212800000,79R9GKyaj4
0.0,8434592,com.sec.android.app.shealth,2019-04-06 13:01:23.833,2019-03-23 04:00:02.121,aad81cb1-09ce-43c3-9e7e-4d95ebc6eaab,1630.287,552.29803,1553299200000,79R9GKyaj4
0.0,4155996,com.sec.android.app.shealth,2019-04-06 13:01:25.046,2019-03-24 06:41:44.266,5c1a4803-a4d9-4773-92a5-1be97564d3d2,1719.754,247.26103,1553385600000,79R9GKyaj4
0.0,5098720,com.sec.android.app.shealth,2019-04-06 13:01:25.951,2019-03-25 05:00:02.034,ffb577d5-4c45-4ffb-8664-060db3aad469,1700.0414,308.49,1553472000000,79R9GKyaj4
0.0,1613368,com.sec.android.app.shealth,2019-04-06 13:01:27.056,2019-03-26 06:47:57.295,f7449c21-3ad1-4a91-b731-aa1b9b568579,1772.9215,124.17003,1553558400000,79R9GKyaj4
0.0,4102290,com.sec.android.app.shealth,2019-04-06 13:01:27.429,2019-03-27 06:36:27.117,a4e7b191-bd38-411d-9865-194b9b10a9d1,1720.8772,293.65,1553644800000,79R9GKyaj4
0.0,2396528,com.sec.android.app.shealth,2019-04-06 13:01:28.657,2019-03-28 05:29:43.117,cb4b4700-2ff5-4348-89e8-e851c39092c0,1756.5453,165.66005,1553731200000,79R9GKyaj4
0.0,7985769,com.sec.android.app.shealth,2019-04-06 13:01:29.877,2019-03-29 05:00:01.283,7ae27d6e-02ab-48a0-866a-c53b4637945e,1639.6721,490.98892,1553817600000,79R9GKyaj4
0.0,8602297,com.sec.android.app.shealth,2019-04-06 13:01:30.735,2019-03-30 05:00:02.022,86b40644-2d9b-440c-9df0-f520df84b6a1,1626.7803,572.521,1553904000000,79R9GKyaj4
0.0,2707145,com.sec.android.app.shealth,2019-04-06 13:01:31.905,2019-03-31 04:01:59.463,25b84450-5881-476d-8a64-18ef9dc3b7bc,1750.0502,179.00198,1553990400000,79R9GKyaj4
0.0,6624864,com.sec.android.app.shealth,2019-04-06 13:01:32.809,2019-04-01 04:00:02.382,ae01d198-4f39-43ad-96e9-f3c6552185ef,1668.1292,476.97607,1554076800000,79R9GKyaj4
0.0,6940692,com.sec.android.app.shealth,2019-04-06 13:01:33.714,2019-04-02 04:00:02.069,1a4475a5-ee96-4913-b4e4-beb96d192e32,1661.5251,748.16785,1554163200000,79R9GKyaj4
0.0,7335465,com.sec.android.app.shealth,2019-04-06 13:01:34.481,2019-04-03 04:00:02.433,51a623ac-7b74-494b-a7fb-186a9fdad895,1653.2703,544.09924,1554249600000,79R9GKyaj4
0.0,5519553,com.sec.android.app.shealth,2019-04-06 13:01:35.115,2019-04-04 04:00:02.224,7a4e2f51-0188-4cb4-b948-a1218b6c1214,1696.93,366.56992,1554336000000,79R9GKyaj4
0.0,6172074,com.sec.android.app.shealth,2019-04-06 13:03:06.186,2019-04-05 04:00:02.057,523ca6e7-5e83-4565-93ea-c19eb32ede61,1683.2397,403.02545,1554422400000,79R9GKyaj4
0.0,6533353,com.sec.android.app.shealth,2019-04-08 12:03:28.197,2019-04-06 04:00:02.141,5b004c2a-f13d-4558-82a9-a384eb522d33,1675.6598,493.91623,1554508800000,79R9GKyaj4
0.0,1781014,com.sec.android.app.shealth,2019-04-08 12:03:28.225,2019-04-07 04:00:01.446,ad3963c4-8441-42ca-a568-207fb4316cb6,1775.3672,117.65,1554595200000,79R9GKyaj4
0.0,8419950,com.sec.android.app.shealth,2019-04-09 12:09:37.636,2019-04-08 04:00:01.446,15cfb885-214e-4312-b8c6-ff4e77bea713,1636.0776,596.39,1554681600000,79R9GKyaj4
0.0,9404488,com.sec.android.app.shealth,2019-04-10 12:24:24.049,2019-04-09 04:00:01.905,9d25fc1f-3f27-4a0e-bb85-fd5eb1c18fce,1615.4213,652.5263,1554768000000,79R9GKyaj4
0.0,13102811,com.sec.android.app.shealth,2019-04-11 12:16:24.730,2019-04-10 04:00:01.601,809cec96-68ac-4f81-a1b0-332888eb064c,1537.8279,869.5865,1554854400000,79R9GKyaj4
0.0,6937848,com.sec.android.app.shealth,2019-04-12 11:38:47.231,2019-04-11 04:00:01.567,c01b708f-6acd-4d9f-955c-4f5b2aa0b3d5,1667.1732,462.7827,1554940800000,79R9GKyaj4
0.0,9935101,com.sec.android.app.shealth,2019-04-15 21:52:03.704,2019-04-12 04:00:02.401,890f1731-744a-46dd-b2d1-709aec1f9a36,1604.2886,682.7242,1555027200000,79R9GKyaj4
0.0,7526814,com.sec.android.app.shealth,2019-04-15 21:52:03.791,2019-04-13 04:00:02.167,eae5237b-5347-4bd4-8a99-430b91e9f788,1654.8162,593.6865,1555113600000,79R9GKyaj4
0.0,2237153,com.sec.android.app.shealth,2019-04-15 21:52:04.674,2019-04-14 04:00:01.566,8b38f149-42a9-4e7c-8fb8-adf44e3ac724,1765.7971,144.41,1555200000000,79R9GKyaj4
0.0,4817029,com.sec.android.app.shealth,2019-04-17 00:48:59.210,2019-04-15 04:00:01.485,c5a244e7-62e3-4d8a-bf7c-37ce4a42da03,1711.6694,331.55225,1555286400000,79R9GKyaj4
0.0,9881372,com.sec.android.app.shealth,2019-04-17 12:12:29.914,2019-04-16 04:00:01.662,efaff498-0ae7-4338-bb3d-9c93caf3eead,1605.4159,713.1483,1555372800000,79R9GKyaj4
0.0,7652950,com.sec.android.app.shealth,2019-04-20 11:56:49.082,2019-04-17 04:00:03.143,a1f257a3-526b-46d5-9a28-1e3b7abc4a61,1652.1698,587.7373,1555459200000,79R9GKyaj4
0.0,4693623,com.sec.android.app.shealth,2019-04-20 11:56:49.116,2019-04-18 04:00:01.352,fecfb169-fa0d-4896-9973-e0252153d5ee,1714.2587,318.54077,1555545600000,79R9GKyaj4
0.0,8479566,com.sec.android.app.shealth,2019-04-20 11:56:51.984,2019-04-19 04:00:01.352,df51e0e8-24e0-4ca6-8de6-15524e64a3cd,1634.8268,560.9076,1555632000000,79R9GKyaj4
0.0,3698597,com.sec.android.app.shealth,2019-04-21 15:13:14.381,2019-04-20 04:00:01.145,1a6fb808-036e-4239-af3a-a6eab07d8ba4,1735.1349,244.25003,1555718400000,79R9GKyaj4
0.0,1701513,com.sec.android.app.shealth,2019-04-24 12:29:21.638,2019-04-21 04:00:01.742,db9e928f-eeae-424f-a7e6-2bf8be4c73bd,1777.0353,106.00002,1555804800000,79R9GKyaj4
0.0,7287819,com.sec.android.app.shealth,2019-04-24 12:29:21.664,2019-04-22 04:00:02.072,3b17a24b-de44-4106-8f4e-5a653b8afb99,1659.8306,476.6947,1555891200000,79R9GKyaj4
0.0,8873372,com.sec.android.app.shealth,2019-04-24 12:29:21.698,2019-04-23 04:00:02.367,4f722b89-be26-40db-843b-3db2c1f693e8,1626.5645,631.64,1555977600000,79R9GKyaj4
0.0,4936916,com.sec.android.app.shealth,2019-04-25 12:08:55.378,2019-04-24 04:00:03.031,876cc1cd-d153-408a-a175-7208a723c5a5,1709.1543,345.50128,1556064000000,79R9GKyaj4
0.0,8347801,com.sec.android.app.shealth,2019-05-07 12:13:34.360,2019-04-25 04:00:01.426,ba6f21d3-ce9e-4f1f-b2d2-4d0de9570b07,1637.5914,630.278,1556150400000,79R9GKyaj4
0.0,8034226,com.sec.android.app.shealth,2019-05-07 12:13:34.389,2019-04-26 04:00:03.237,62419ba0-6343-43ae-9202-772393e240be,1644.1704,533.7419,1556236800000,79R9GKyaj4
0.0,5881784,com.sec.android.app.shealth,2019-05-07 12:13:34.421,2019-04-27 04:00:01.522,ddcb3b19-24c5-4c5f-bb0a-ef823a99cd0b,1689.3302,649.29944,1556323200000,79R9GKyaj4
0.0,1668962,com.sec.android.app.shealth,2019-05-25 15:22:11.099,2019-04-28 04:56:54.704,a2f636ff-ace4-4f1a-b2d3-ede39a2cd17a,1777.7183,112.749985,1556409600000,79R9GKyaj4
0.0,5498857,com.sec.android.app.shealth,2019-05-25 15:22:11.683,2019-04-29 04:00:02.318,418ef521-a855-45e3-9c06-1dd56b7cf9dd,1697.3643,362.4025,1556496000000,79R9GKyaj4
0.0,8824869,com.sec.android.app.shealth,2019-05-25 15:22:12.283,2019-04-30 04:00:02.221,df9f8544-8f7b-46ed-bfaf-5d7e3918ffcf,1627.582,622.75244,1556582400000,79R9GKyaj4
0.0,8621518,com.sec.android.app.shealth,2019-05-25 15:22:12.777,2019-05-01 04:00:01.704,3f575971-1aa2-4e50-a77a-9575b706b29b,1631.8485,634.1676,1556668800000,79R9GKyaj4
0.0,7382866,com.sec.android.app.shealth,2019-05-25 15:22:13.289,2019-05-02 04:00:01.603,eb721147-205e-4753-b686-fd316b30f2c9,1657.8364,493.14758,1556755200000,79R9GKyaj4
0.0,9464211,com.sec.android.app.shealth,2019-05-25 15:22:13.371,2019-05-03 04:00:01.616,fabfd146-7745-458e-8e31-4626596f88a2,1614.1683,609.2707,1556841600000,79R9GKyaj4
0.0,3848671,com.sec.android.app.shealth,2019-05-25 15:22:14.327,2019-05-04 04:00:02.613,d1259598-218e-4787-916d-e29836225a58,1731.9863,249.82997,1556928000000,79R9GKyaj4
0.0,3019264,com.sec.android.app.shealth,2019-05-25 15:22:14.456,2019-05-05 05:35:47.173,560224ed-8104-4478-bf4c-15e65ea76e6d,1749.388,200.36995,1557014400000,79R9GKyaj4
0.0,5693201,com.sec.android.app.shealth,2019-05-25 15:22:15.310,2019-05-06 04:00:00.288,e3821361-ca2e-4d1e-9741-ad3e17818470,1693.2867,392.9973,1557100800000,79R9GKyaj4
0.0,9232219,com.sec.android.app.shealth,2019-05-25 15:22:15.573,2019-05-07 04:00:01.825,374455ba-05ee-4913-b486-17fb120b6db7,1619.0356,665.3375,1557187200000,79R9GKyaj4
0.0,5597134,com.sec.android.app.shealth,2019-05-25 15:22:16.678,2019-05-08 04:00:01.501,e16c43db-9358-4e7e-a083-269833d9283d,1695.3022,380.45364,1557273600000,79R9GKyaj4
0.0,8596886,com.sec.android.app.shealth,2019-05-25 15:22:17.144,2019-05-09 04:00:01.831,53b90fef-f0fd-4e96-99dc-9ae34845d1ab,1632.3654,605.44214,1557360000000,79R9GKyaj4
0.0,7043155,com.sec.android.app.shealth,2019-05-25 15:22:17.248,2019-05-10 04:00:02.731,0e82d8c5-70e0-49eb-91ef-0a1b47e20201,1664.9639,501.776,1557446400000,79R9GKyaj4
0.0,5858998,com.sec.android.app.shealth,2019-05-25 15:22:17.793,2019-05-11 04:00:03.100,a2054f88-d2ac-4575-87a4-2a8761dde03f,1689.8082,391.75555,1557532800000,79R9GKyaj4
0.0,4150696,com.sec.android.app.shealth,2019-05-25 15:22:18.612,2019-05-12 04:00:01.604,3a0199dc-5627-444a-82bc-fbc476bd6f9c,1725.6497,275.83893,1557619200000,79R9GKyaj4
0.0,6954997,com.sec.android.app.shealth,2019-05-25 15:22:19.316,2019-05-13 04:00:02.962,764109ac-4a04-4a01-b144-37ca8cfbd800,1666.8134,457.30896,1557705600000,79R9GKyaj4
0.0,7660198,com.sec.android.app.shealth,2019-05-25 15:22:19.414,2019-05-14 04:00:01.677,695183e2-eecf-4b0e-9f50-19f40799b6f3,1652.0177,554.24005,1557792000000,79R9GKyaj4
0.0,7353702,com.sec.android.app.shealth,2019-05-25 15:22:20.029,2019-05-15 04:00:02.404,fa4a5376-8c5f-40dc-b6c2-fb11fea16fbb,1658.4482,545.1865,1557878400000,79R9GKyaj4
0.0,8158333,com.sec.android.app.shealth,2019-05-25 15:22:20.123,2019-05-16 04:00:01.571,74e4fbde-09f8-449a-a18d-43026e40e7f0,1641.5665,544.14374,1557964800000,79R9GKyaj4
0.0,6161489,com.sec.android.app.shealth,2019-05-25 15:22:20.878,2019-05-17 04:00:04.345,bd3c9037-ccae-4807-a686-56b164baf765,1683.4618,407.4176,1558051200000,79R9GKyaj4
0.0,7468685,com.sec.android.app.shealth,2019-05-25 15:22:21.561,2019-05-18 04:00:01.802,a5ace8f2-31f8-4650-ad57-3239a03a0289,1656.0358,533.78174,1558137600000,79R9GKyaj4
0.0,3374211,com.sec.android.app.shealth,2019-05-25 15:24:28.717,2019-05-19 10:41:53.604,0b27f5ad-b6f7-4262-a37c-75e47faddb39,1741.9409,223.94997,1558224000000,79R9GKyaj4
0.0,2415617,com.sec.android.app.shealth,2019-05-25 15:24:29.168,2019-05-20 04:00:02.469,efec0734-2dc3-4771-aaee-a0415b6fd025,1762.0529,158.12999,1558310400000,79R9GKyaj4
0.0,8876387,com.sec.android.app.shealth,2019-05-25 15:22:23.208,2019-05-21 04:00:03.124,8e8b5afe-ceef-4212-9f2b-125760d0b6c9,1626.5013,640.2197,1558396800000,79R9GKyaj4
0.0,5383732,com.sec.android.app.shealth,2019-05-25 15:22:23.897,2019-05-22 04:00:01.692,40671947-6555-4676-8a47-387c7683a6d1,1699.7798,357.78372,1558483200000,79R9GKyaj4
0.0,12074699,com.sec.android.app.shealth,2019-05-25 15:22:24.479,2019-05-23 04:00:02.196,8d700ca7-96b0-4dac-be88-b1e723738e00,1559.3984,863.3602,1558569600000,79R9GKyaj4
0.0,7122428,com.sec.android.app.shealth,2019-05-25 15:22:25.281,2019-05-24 04:00:02.990,aa127bbc-3fd4-4807-b3b0-fd3a646b8660,1663.3005,504.88724,1558656000000,79R9GKyaj4
0.0,4971552,com.sec.android.app.shealth,2019-05-26 05:42:28.782,2019-05-25 04:05:42.710,2a49e080-424f-4daf-a25b-7097b501d15a,1708.4275,310.7194,1558742400000,79R9GKyaj4
0.0,3867097,com.sec.android.app.shealth,2019-05-28 01:59:55.459,2019-05-26 04:37:21.336,d18c4296-f4ec-4dda-a7dd-e9b0c838da7b,1731.5997,252.61342,1558828800000,79R9GKyaj4
0.0,4475784,com.sec.android.app.shealth,2019-05-28 04:00:09.735,2019-05-27 04:14:29.170,1de07f84-2e75-4a23-a7ee-f683e9b53347,1718.8291,319.06464,1558915200000,79R9GKyaj4
0.0,7382967,com.sec.android.app.shealth,2019-05-29 04:01:57.759,2019-05-28 04:00:04.605,027c6e0f-519c-4b82-aa5e-cf672e85a9da,1657.8342,519.344,1559001600000,79R9GKyaj4
0.0,4791194,com.sec.android.app.shealth,2019-06-02 02:04:15.078,2019-05-29 04:00:02.326,0fe0b667-1564-4ed2-a96b-21a23bc5e203,1712.2115,314.3069,1559088000000,79R9GKyaj4
0.0,6019696,com.sec.android.app.shealth,2019-06-02 02:04:15.357,2019-05-30 04:00:04.192,876c304f-e7e0-4a7d-9ff4-7f33249babdb,1712.442,411.33936,1559174400000,79R9GKyaj4
0.0,7567322,com.sec.android.app.shealth,2019-06-02 02:04:15.858,2019-05-31 04:00:02.377,33a01760-dca2-4309-8cb1-52f949b590b2,1679.4711,521.4115,1559260800000,79R9GKyaj4
0.0,2827837,com.sec.android.app.shealth,2019-06-02 05:38:41.527,2019-06-01 04:14:59.721,80bc49c2-c3ce-414f-9129-409cb9981cbc,1780.4421,178.07004,1559347200000,79R9GKyaj4
0.0,2958506,com.sec.android.app.shealth,2019-06-03 04:00:07.144,2019-06-02 04:00:35.795,e28b0b53-c030-4789-85a3-4caecff0e780,1777.6584,182.24002,1559433600000,79R9GKyaj4
0.0,5878270,com.sec.android.app.shealth,2019-06-04 04:38:22.087,2019-06-03 04:00:01.898,21821103-707d-4f9f-9d0d-3b67d8f6017c,1715.455,422.1717,1559520000000,79R9GKyaj4
0.0,7974794,com.sec.android.app.shealth,2019-06-05 05:25:00.647,2019-06-04 04:00:02.595,353e8f47-6702-4af2-b65e-97757206b9f0,1670.7902,814.5654,1559606400000,79R9GKyaj4
0.0,6463035,com.sec.android.app.shealth,2019-06-06 04:00:07.604,2019-06-05 04:00:02.157,d5b9dde9-4172-46a1-a6ee-cba42e69e3a3,1702.9971,438.51254,1559692800000,79R9GKyaj4
0.0,6031556,com.sec.android.app.shealth,2019-06-07 04:49:42.295,2019-06-06 04:00:02.654,389fc794-6e53-4c93-825f-82c06e1fe03d,1712.1895,412.12695,1559779200000,79R9GKyaj4
0.0,4952326,com.sec.android.app.shealth,2019-06-08 04:00:01.731,2019-06-07 04:00:02.184,1b5af2f4-75f8-46e0-9648-75fac3d83dbd,1735.1815,333.5222,1559865600000,79R9GKyaj4
0.0,4757919,com.sec.android.app.shealth,2019-06-09 04:57:29.525,2019-06-08 04:00:00.862,3bf7ab49-4106-4d73-92e8-e5f099e5abcf,1739.3232,350.8,1559952000000,79R9GKyaj4
0.0,6010152,com.sec.android.app.shealth,2019-06-10 18:35:48.013,2019-06-09 04:57:29.586,50fe4219-53d4-464c-b242-616d1ad66f10,1712.6454,407.0458,1560038400000,79R9GKyaj4
0.0,7224962,com.sec.android.app.shealth,2019-06-11 04:39:48.764,2019-06-10 04:00:03.515,a7597c99-54e4-48e5-b5d0-52710348d05d,1686.7648,494.06396,1560124800000,79R9GKyaj4
0.0,8103533,com.sec.android.app.shealth,2019-06-12 05:00:38.460,2019-06-11 04:00:01.949,57b3c350-e09f-4a93-8213-48743f182dc1,1668.0474,607.8606,1560211200000,79R9GKyaj4
0.0,5112000,com.sec.android.app.shealth,2019-07-10 00:23:41.030,2019-06-12 04:00:11.986,300a77c1-bc19-4df5-ac4e-ba8d136d7216,1731.7798,349.2729,1560297600000,79R9GKyaj4
0.0,7045014,com.sec.android.app.shealth,2019-07-10 17:15:35.403,2019-06-13 04:00:01.924,971d2a78-a1eb-4613-bca8-34dc63906780,1690.5984,469.97253,1560384000000,79R9GKyaj4
0.0,9829322,com.sec.android.app.shealth,2019-07-12 02:55:16.897,2019-06-14 04:00:01.738,6a8d572a-007e-47d6-aa73-6965835c98be,1631.2809,710.4906,1560470400000,79R9GKyaj4
0.0,13320435,com.sec.android.app.shealth,2019-07-12 23:33:39.131,2019-06-15 04:00:01.298,bd8166cc-9319-4f0b-8670-fbb1b6e100d5,1556.9054,901.5193,1560556800000,79R9GKyaj4
0.0,5351881,com.sec.android.app.shealth,2019-07-12 23:33:39.199,2019-06-16 04:00:01.167,fa14e88d-e764-49c9-ab0e-c55261997c02,1726.6693,360.59015,1560643200000,79R9GKyaj4
0.0,5964951,com.sec.android.app.shealth,2019-07-14 15:13:40.610,2019-06-17 04:00:00.832,60b22713-14c7-49c5-9360-1fae89278729,1713.6083,416.90637,1560729600000,79R9GKyaj4
0.0,8546685,com.sec.android.app.shealth,2019-07-14 15:13:40.638,2019-06-18 04:00:01.902,2d1ecc8b-3d45-4412-b0a1-288b3b3f59a7,1658.6063,625.7641,1560816000000,79R9GKyaj4
0.0,7175763,com.sec.android.app.shealth,2019-07-14 15:13:40.654,2019-06-19 04:00:01.072,16f3aced-3ecb-4aab-916e-363dff8d12f1,1687.813,499.87286,1560902400000,79R9GKyaj4
0.0,5621322,com.sec.android.app.shealth,2019-07-14 15:13:40.666,2019-06-20 04:00:01.410,1e8c46f7-1ea9-497e-81c8-95de6d382c9a,1720.9292,378.79416,1560988800000,79R9GKyaj4
0.0,6224444,com.sec.android.app.shealth,2019-07-14 15:13:40.680,2019-06-21 04:00:02.092,496fa5dd-82fc-4d4a-9f87-24e5859aa638,1708.08,435.04013,1561075200000,79R9GKyaj4
0.0,2749600,com.sec.android.app.shealth,2019-07-14 15:13:40.702,2019-06-22 04:00:02.624,04c890e4-8cc1-4467-92e5-1be398698336,1782.109,205.41284,1561161600000,79R9GKyaj4
0.0,4741901,com.sec.android.app.shealth,2019-07-14 15:13:40.727,2019-06-23 04:00:02.148,34e5b5a7-eb2f-4924-9da1-c5922e347dc8,1739.6644,346.0181,1561248000000,79R9GKyaj4
0.0,4174537,com.sec.android.app.shealth,2019-07-14 15:13:40.743,2019-06-24 04:00:01.993,fbfa336a-2d1e-4f68-acb9-30b3293d4cfc,1736.7161,304.59598,1561334400000,79R9GKyaj4
0.0,5688315,com.sec.android.app.shealth,2019-07-14 15:13:40.765,2019-06-25 04:00:01.452,1570c0ec-b939-451d-b141-28d0d1c623a2,1704.743,389.40234,1561420800000,79R9GKyaj4
0.0,8399265,com.sec.android.app.shealth,2019-07-14 15:13:40.779,2019-06-26 04:00:02.396,4cffba21-1aac-49fb-9fa6-f7e0488acb21,1647.484,825.98596,1561507200000,79R9GKyaj4
0.0,8481128,com.sec.android.app.shealth,2019-07-14 15:13:40.802,2019-06-27 04:00:02.124,06354758-e0be-4be7-b25b-10d2370de3bb,1645.7549,574.3657,1561593600000,79R9GKyaj4
0.0,7575922,com.sec.android.app.shealth,2019-07-14 15:13:40.836,2019-06-28 04:00:01.906,797f9f2c-ca53-4934-b320-dcb501626dca,1664.8741,527.7703,1561680000000,79R9GKyaj4
0.0,6493113,com.sec.android.app.shealth,2019-07-14 15:13:40.855,2019-06-29 04:00:00.919,1174b214-5754-44c8-a552-4d147c413793,1687.7445,688.4673,1561766400000,79R9GKyaj4
0.0,5857307,com.sec.android.app.shealth,2019-07-14 15:13:40.861,2019-06-30 04:59:53.844,f6015dad-8827-4b94-a397-685a32c33d3c,1701.1737,413.48004,1561852800000,79R9GKyaj4
0.0,12044093,com.sec.android.app.shealth,2019-07-28 14:13:14.074,2019-07-01 04:00:01.954,003ca631-3a87-432f-b7fe-559adfe162ac,1570.5,822.6737,1561939200000,79R9GKyaj4
0.0,8332424,com.sec.android.app.shealth,2019-07-28 14:13:14.197,2019-07-02 04:35:14.159,6658e119-342c-45a9-8e2e-8ae108e1ef51,1648.8958,594.6632,1562025600000,79R9GKyaj4
0.0,8246298,com.sec.android.app.shealth,2019-07-28 14:13:14.220,2019-07-03 04:00:02.526,38b47854-ffa2-4460-9784-19d63ce71e49,1650.7148,572.7006,1562112000000,79R9GKyaj4
0.0,7767441,com.sec.android.app.shealth,2019-07-31 23:09:45.445,2019-07-04 04:43:28.690,4887534c-ed47-4e58-b9f0-7f5fe6886e38,1660.829,531.42993,1562198400000,79R9GKyaj4
0.0,9526751,com.sec.android.app.shealth,2019-07-31 23:09:45.520,2019-07-05 05:36:17.694,ac55ac48-4cc0-4f6b-bc33-b6aa43f97921,1623.6698,626.613,1562284800000,79R9GKyaj4
0.0,3994889,com.sec.android.app.shealth,2019-07-31 23:09:45.655,2019-07-06 04:00:01.312,3ec76286-4623-41bc-bf5c-49f3a5121f07,1740.5105,278.59,1562371200000,79R9GKyaj4
0.0,10009827,com.sec.android.app.shealth,2019-07-31 23:09:45.759,2019-07-07 04:00:01.803,23c956ec-3abf-4990-a686-a8d7aa31f767,1613.4667,651.9502,1562457600000,79R9GKyaj4
0.0,7468757,com.sec.android.app.shealth,2019-07-31 23:09:45.789,2019-07-08 04:00:02.638,71a9ef45-5e7d-4aa3-83c0-5f7366bc8e85,1667.1375,507.05084,1562544000000,79R9GKyaj4
282.80002,8875134,com.sec.android.app.shealth,2019-07-31 23:09:45.814,2019-07-09 04:00:01.157,43d84364-e671-4710-8e8e-0115e4b89186,1637.4329,596.43506,1562630400000,79R9GKyaj4
172.1,7626728,com.sec.android.app.shealth,2019-07-31 23:09:45.856,2019-07-10 04:00:00.852,4dd63d19-7fda-445d-bfa9-64c56a8dc25d,1663.801,522.97363,1562716800000,79R9GKyaj4
220.1,6205393,com.sec.android.app.shealth,2019-07-31 23:09:45.970,2019-07-11 04:00:02.295,2fc6ccd2-bf23-4745-99d6-4dcd16fd37d8,1711.3063,412.5146,1562803200000,79R9GKyaj4
103.9,4916448,com.sec.android.app.shealth,2019-07-31 23:09:46.091,2019-07-12 04:00:00.932,5f02c8a5-61b2-42a3-a85c-3c93d7a730d8,1738.8115,346.16306,1562889600000,79R9GKyaj4
308.9,5299461,com.sec.android.app.shealth,2019-07-31 23:09:46.415,2019-07-13 04:00:01.903,375a510b-5b6f-4fef-9f82-a3ab37e61e9c,1730.6382,351.96005,1562976000000,79R9GKyaj4
132.8,4215088,com.sec.android.app.shealth,2019-07-31 23:09:46.632,2019-07-14 04:00:02.697,b3186ea9-13ed-4c42-acc8-552d538db7c1,1753.7782,278.69003,1563062400000,79R9GKyaj4
0.0,6848908,com.sec.android.app.shealth,2019-07-31 23:09:46.737,2019-07-15 04:00:02.367,e1283e87-7acd-4aa5-9ed7-52e6a0ee1f55,1697.5739,481.2341,1563148800000,79R9GKyaj4
0.0,4820794,com.sec.android.app.shealth,2019-07-31 23:09:46.776,2019-07-16 04:00:01.880,ca39fdad-7888-4d20-a321-c3c49ecf7fd0,1740.8528,336.29385,1563235200000,79R9GKyaj4
0.0,4517425,com.sec.android.app.shealth,2019-07-31 23:09:46.814,2019-07-17 04:00:02.891,18853537-eaee-4d89-ade2-e0024326934b,1747.3265,321.69388,1563321600000,79R9GKyaj4
0.0,4048772,com.sec.android.app.shealth,2019-07-31 23:09:47.008,2019-07-18 04:00:02.356,d9d53611-4beb-4cdd-8056-fe4fccd98f04,1757.3274,279.95483,1563408000000,79R9GKyaj4
0.0,5844623,com.sec.android.app.shealth,2019-07-31 23:09:47.194,2019-07-19 04:00:01.827,392cba33-e5f2-431e-8403-7f01d8782d05,1719.0049,395.34802,1563494400000,79R9GKyaj4
0.0,4547277,com.sec.android.app.shealth,2019-07-31 23:09:47.261,2019-07-20 04:00:01.615,3bc7aca6-2327-47eb-b22b-ffced620727b,1746.6893,327.25458,1563580800000,79R9GKyaj4
0.0,5105520,com.sec.android.app.shealth,2019-07-31 23:09:47.403,2019-07-21 04:00:01.896,baaefdba-d8c9-435f-bbcb-8beb1869b6ac,1734.7769,359.02106,1563667200000,79R9GKyaj4
0.0,7204316,com.sec.android.app.shealth,2019-07-31 23:09:47.535,2019-07-22 04:00:01.412,c684da56-2e7d-447a-b91e-769f53d205ac,1689.9897,485.18448,1563753600000,79R9GKyaj4
0.0,7185080,com.sec.android.app.shealth,2019-07-31 23:09:47.580,2019-07-23 04:00:01.970,92a5c82f-a20d-479e-8f5f-f02059cf385c,1690.4003,474.16406,1563840000000,79R9GKyaj4
0.0,7032304,com.sec.android.app.shealth,2019-07-31 23:09:47.666,2019-07-24 04:00:03.886,8f36748c-3276-4f2b-9048-b6238ab60086,1675.2397,486.81653,1563926400000,79R9GKyaj4
0.0,7825345,com.sec.android.app.shealth,2019-07-31 23:09:47.686,2019-07-25 04:00:01.815,b2f2e4be-4e32-43cf-8635-e65fe8fcbd3f,1658.5009,531.24567,1564012800000,79R9GKyaj4
0.0,6254458,com.sec.android.app.shealth,2019-07-31 23:09:47.931,2019-07-26 04:00:01.217,e43da139-5338-4085-a579-2a9dc9a7220f,1691.6581,432.9499,1564099200000,79R9GKyaj4
0.0,5651688,com.sec.android.app.shealth,2019-07-31 23:09:47.976,2019-07-27 04:00:01.078,f2659151-bdce-42b0-b5d2-2189d27f4cd2,1704.3809,384.55048,1564185600000,79R9GKyaj4
0.0,2787062,com.sec.android.app.shealth,2019-07-31 23:09:48.032,2019-07-28 04:36:55.262,93f437a1-1403-4590-9fb2-0028d5f6642d,1764.8455,176.48004,1564272000000,79R9GKyaj4
0.0,4987484,com.sec.android.app.shealth,2019-07-31 23:09:48.250,2019-07-29 04:00:11.644,2b15b72d-3d09-48ec-9617-e06f3002b3ef,1720.6903,337.09885,1564358400000,79R9GKyaj4
0.0,5842333,com.sec.android.app.shealth,2019-07-31 23:09:48.288,2019-07-30 04:00:01.201,db310298-3264-41bd-8d2a-344285657375,1702.6227,384.6748,1564444800000,79R9GKyaj4
0.0,5187380,com.sec.android.app.shealth,2019-08-01 05:22:22.901,2019-07-31 04:01:00.379,9e12bc88-9437-4893-af2a-06c8c1d34dd7,1716.4656,340.2134,1564531200000,79R9GKyaj4
0.0,6419560,com.sec.android.app.shealth,2019-08-02 04:00:01.972,2019-08-01 04:01:11.456,f8222b6c-4554-41d3-900e-11fa07ab76f9,1691.5477,423.4004,1564617600000,79R9GKyaj4
0.0,8044921,com.sec.android.app.shealth,2019-08-03 07:17:27.762,2019-08-02 04:00:00.927,0556d74f-5731-4c3c-9d2d-0f3845b3f17a,1657.1721,551.4887,1564704000000,79R9GKyaj4
0.0,5750668,com.sec.android.app.shealth,2019-08-04 04:00:01.924,2019-08-03 04:00:02.296,c2b7a17b-a298-4899-be73-e9593226156a,1705.6943,358.79758,1564790400000,79R9GKyaj4
0.0,674201,com.sec.android.app.shealth,2019-08-05 04:01:08.819,2019-08-04 04:00:01.176,2642f273-3615-43c3-9761-f7b59f264b80,1813.0593,43.859997,1564876800000,79R9GKyaj4
0.0,5460544,com.sec.android.app.shealth,2019-08-06 05:09:43.309,2019-08-05 04:00:01.049,f2b02deb-d91a-4879-89b1-0a9175e5df1a,1709.5538,389.05994,1564963200000,79R9GKyaj4
0.0,5927674,com.sec.android.app.shealth,2019-08-07 04:00:03.074,2019-08-06 04:13:37.742,902e7beb-2f17-4e72-b18c-eb1c792d9314,1699.6874,408.3214,1565049600000,79R9GKyaj4
0.0,4778568,com.sec.android.app.shealth,2019-08-08 04:41:10.309,2019-08-07 04:00:01.398,0865acf7-c649-4ca3-958c-569f51ad25db,1714.7725,315.61908,1565136000000,79R9GKyaj4
0.0,5318039,com.sec.android.app.shealth,2019-08-09 04:00:03.020,2019-08-08 04:00:02.237,652c7891-902a-497f-9c22-c15c8fe511eb,1703.4388,367.96094,1565222400000,79R9GKyaj4
0.0,10673196,com.sec.android.app.shealth,2019-08-10 06:00:03.109,2019-08-09 04:00:02.063,d307fd23-4536-4626-b91e-972a596e2e86,1590.9331,701.78,1565308800000,79R9GKyaj4
0.0,11102714,com.sec.android.app.shealth,2019-08-11 16:01:22.170,2019-08-10 06:00:01.687,7eef58d7-1fdb-4afa-8b9b-985e2f963ff8,1581.9095,742.9811,1565395200000,79R9GKyaj4
0.0,5610795,com.sec.android.app.shealth,2019-08-12 15:26:39.585,2019-08-11 06:00:00.864,897ef730-3642-41c9-9c82-630726431a2e,1697.2885,374.53998,1565481600000,79R9GKyaj4
0.0,6197178,com.sec.android.app.shealth,2019-08-13 04:20:34.635,2019-08-12 06:04:44.401,f68cab73-8db5-403b-a790-0efb6f2978da,1684.9692,399.98157,1565568000000,79R9GKyaj4
0.0,5070755,com.sec.android.app.shealth,2019-08-14 05:16:01.800,2019-08-13 04:20:02.420,28efe3d1-b138-4d69-84fe-2f9e00f61269,1708.634,333.35165,1565654400000,79R9GKyaj4
0.0,6470443,com.sec.android.app.shealth,2019-08-14 23:23:07.317,2019-08-14 04:00:01.313,2b118c06-8311-4a97-88bc-3f7b816725db,1330.2146,439.03934,1565740800000,79R9GKyaj4
